0	1	2	3	4	5	6	7	8	9	10	11	12	13	14	15	16	17	18	19	20	21	22	23	24	25	26	27	28	29	30	31	32	33	34	35	36	37	38	39	40	41	42	43	44	45	46	47	48	49	50	51	52	53	54	55	56	57	58	59	60	61	62	63	64	65	66	67	68	69	70	71	72	73	74	75	76	77	78	79	80	81	82	83	84	85	86	87	88	89	90	91	92	93	94	95	96	97	98	99	100	101	102	103	104	105	106	107	108	109	110	111	112	113	114	115	116	117	118	119	120	121	122	123	124	125	126	127	128	SM	MM	SLAB	ASIC
0.0	0.0	0.0	0.0	0.0	0.0	0.0	0.0	0.0	0.0	0.0	0.0	0.0	0.0	0.0	0.0	0.0	0.0	0.0	0.0	0.0	0.0	0.0	0.0	0.0	0.0	0.0	0.0	0.0	1.0	1.0	2.0	3.0	11.0	28.0	58.0	135.0	309.0	547.0	1019.0	1523.0	2482.0	3772.0	5374.0	7665.0	9943.0	11619.0	11811.0	11120.0	9863.0	8952.0	8513.0	8116.0	7748.0	7574.0	7338.0	7276.0	7033.0	6910.0	6898.0	6789.0	6823.0	7025.0	6809.0	6975.0	6861.0	6751.0	7123.0	7140.0	7198.0	7405.0	7050.0	7307.0	7418.0	7663.0	8035.0	8181.0	8724.0	9137.0	9547.0	10344.0	11475.0	13162.0	14824.0	14956.0	13337.0	10071.0	7497.0	5465.0	4139.0	3176.0	2473.0	1849.0	1393.0	1086.0	822.0	636.0	431.0	234.0	86.0	34.0	9.0	4.0	0.0	0.0	0.0	0.0	0.0	0.0	0.0	0.0	0.0	0.0	0.0	0.0	0.0	0.0	0.0	0.0	0.0	0.0	0.0	0.0	0.0	0.0	0.0	0.0	0.0	0.0	90	0	0	30
0.0	0.0	0.0	0.0	0.0	0.0	0.0	0.0	0.0	0.0	0.0	0.0	0.0	0.0	0.0	0.0	0.0	0.0	0.0	0.0	0.0	0.0	0.0	0.0	0.0	0.0	0.0	1.0	4.0	12.0	39.0	128.0	254.0	432.0	677.0	949.0	1326.0	1843.0	2329.0	3044.0	4317.0	5659.0	7871.0	10135.0	12256.0	13363.0	13049.0	11815.0	10652.0	9848.0	9261.0	9020.0	8429.0	8382.0	8005.0	7814.0	7589.0	7475.0	7654.0	7511.0	7730.0	7707.0	7689.0	7561.0	7426.0	7357.0	7341.0	7721.0	7875.0	7891.0	8082.0	7854.0	8038.0	8323.0	8304.0	8781.0	9209.0	9287.0	9904.0	10583.0	11639.0	13065.0	14297.0	14837.0	13036.0	9901.0	7206.0	5335.0	3927.0	3086.0	2455.0	1868.0	1447.0	1180.0	869.0	608.0	444.0	253.0	129.0	61.0	15.0	5.0	1.0	0.0	1.0	0.0	0.0	0.0	0.0	0.0	0.0	0.0	0.0	0.0	0.0	0.0	0.0	0.0	0.0	0.0	0.0	0.0	0.0	0.0	0.0	0.0	0.0	0.0	0.0	90	0	1	35
0.0	0.0	0.0	0.0	0.0	0.0	0.0	0.0	0.0	0.0	0.0	0.0	0.0	0.0	0.0	0.0	0.0	0.0	0.0	0.0	0.0	0.0	0.0	0.0	0.0	0.0	0.0	0.0	1.0	3.0	5.0	30.0	67.0	109.0	235.0	447.0	730.0	967.0	1408.0	1941.0	2802.0	3629.0	4929.0	6965.0	9712.0	12648.0	14974.0	15596.0	14798.0	13273.0	12388.0	11344.0	10857.0	10206.0	9832.0	9552.0	9229.0	9004.0	8919.0	9038.0	9022.0	9078.0	8882.0	8830.0	8685.0	8742.0	8918.0	8864.0	9087.0	9141.0	9088.0	9118.0	9264.0	9057.0	9363.0	9735.0	10342.0	10451.0	10971.0	11736.0	12591.0	14969.0	17191.0	17351.0	15003.0	11204.0	7871.0	5628.0	4168.0	3148.0	2427.0	1773.0	1480.0	1034.0	788.0	507.0	283.0	133.0	60.0	27.0	14.0	3.0	0.0	0.0	0.0	0.0	1.0	0.0	0.0	0.0	0.0	0.0	0.0	0.0	0.0	0.0	0.0	0.0	0.0	0.0	0.0	0.0	0.0	0.0	0.0	0.0	0.0	0.0	0.0	90	0	2	36
0.0	0.0	0.0	0.0	0.0	0.0	0.0	0.0	0.0	0.0	0.0	0.0	0.0	0.0	0.0	0.0	0.0	0.0	0.0	0.0	0.0	0.0	0.0	0.0	0.0	0.0	1.0	0.0	1.0	3.0	10.0	39.0	77.0	203.0	368.0	584.0	835.0	1347.0	1807.0	2331.0	3191.0	4182.0	5570.0	7702.0	10560.0	13220.0	14777.0	14959.0	13806.0	12429.0	11510.0	10913.0	10456.0	9959.0	9956.0	9492.0	9367.0	9187.0	8904.0	8980.0	9164.0	9058.0	8948.0	8880.0	8833.0	8789.0	8706.0	9170.0	9123.0	9083.0	9124.0	9235.0	9621.0	9485.0	10031.0	10286.0	10849.0	11178.0	11873.0	12884.0	14665.0	16703.0	18860.0	17469.0	13990.0	10308.0	7457.0	5427.0	4003.0	3175.0	2382.0	1744.0	1219.0	898.0	570.0	387.0	212.0	94.0	35.0	10.0	9.0	1.0	1.0	0.0	0.0	0.0	0.0	0.0	0.0	0.0	0.0	0.0	0.0	0.0	0.0	0.0	0.0	0.0	0.0	0.0	0.0	0.0	0.0	0.0	0.0	0.0	0.0	0.0	0.0	90	0	3	33
0.0	0.0	0.0	0.0	0.0	0.0	0.0	0.0	0.0	0.0	0.0	0.0	0.0	0.0	0.0	0.0	0.0	0.0	0.0	0.0	0.0	0.0	0.0	0.0	0.0	0.0	1.0	0.0	2.0	6.0	19.0	48.0	112.0	275.0	458.0	654.0	1053.0	1460.0	2016.0	2758.0	3508.0	4918.0	6685.0	9066.0	12224.0	15370.0	17382.0	17164.0	15485.0	13761.0	12585.0	11995.0	11577.0	11293.0	10772.0	10461.0	10367.0	9864.0	10047.0	9977.0	9991.0	9959.0	9611.0	9436.0	9336.0	9286.0	9806.0	9830.0	9961.0	9806.0	9827.0	9984.0	10451.0	10637.0	10840.0	11464.0	11978.0	12624.0	13792.0	15561.0	17698.0	19089.0	18589.0	15459.0	11652.0	8412.0	6318.0	4738.0	3657.0	2749.0	2102.0	1607.0	1100.0	779.0	519.0	323.0	161.0	91.0	34.0	15.0	4.0	1.0	0.0	1.0	0.0	1.0	0.0	0.0	0.0	0.0	0.0	0.0	0.0	0.0	0.0	0.0	0.0	0.0	0.0	0.0	0.0	0.0	0.0	0.0	0.0	0.0	0.0	0.0	0.0	90	0	4	34
0.0	0.0	0.0	0.0	0.0	0.0	0.0	0.0	0.0	0.0	0.0	0.0	0.0	0.0	0.0	0.0	0.0	0.0	0.0	0.0	0.0	0.0	0.0	0.0	0.0	1.0	0.0	0.0	2.0	1.0	14.0	26.0	68.0	142.0	293.0	495.0	856.0	1133.0	1658.0	2200.0	3125.0	4223.0	5599.0	7481.0	10731.0	13911.0	16500.0	17336.0	16669.0	15164.0	13897.0	12715.0	12090.0	11395.0	11097.0	10592.0	10520.0	10216.0	10029.0	10140.0	10065.0	10077.0	10105.0	9712.0	9812.0	9885.0	9801.0	9786.0	10099.0	10105.0	10226.0	10355.0	10238.0	10477.0	10901.0	11196.0	11604.0	11960.0	12501.0	13253.0	14862.0	17266.0	19532.0	19557.0	16699.0	12703.0	9208.0	6745.0	5042.0	3857.0	2965.0	2193.0	1597.0	1217.0	884.0	503.0	345.0	184.0	72.0	38.0	8.0	4.0	0.0	0.0	0.0	0.0	0.0	0.0	0.0	0.0	0.0	0.0	0.0	0.0	0.0	0.0	0.0	0.0	0.0	0.0	0.0	0.0	0.0	0.0	0.0	0.0	0.0	0.0	0.0	90	0	5	31
0.0	0.0	0.0	0.0	0.0	0.0	0.0	0.0	0.0	0.0	0.0	0.0	0.0	0.0	0.0	0.0	0.0	0.0	0.0	0.0	0.0	0.0	0.0	0.0	0.0	0.0	0.0	0.0	0.0	3.0	4.0	14.0	45.0	100.0	182.0	381.0	560.0	980.0	1389.0	1967.0	2774.0	3691.0	4810.0	6636.0	9076.0	11881.0	15028.0	17130.0	17659.0	16812.0	15179.0	13982.0	13073.0	12513.0	11646.0	11433.0	11189.0	10988.0	10780.0	10745.0	10585.0	10716.0	10746.0	10290.0	10132.0	10274.0	10130.0	10321.0	10311.0	10783.0	10929.0	10858.0	10845.0	11145.0	11480.0	11733.0	12459.0	12962.0	13737.0	14522.0	15888.0	17937.0	19565.0	19988.0	17682.0	13758.0	10060.0	7246.0	5529.0	4250.0	3360.0	2549.0	1973.0	1487.0	1102.0	758.0	538.0	291.0	170.0	82.0	29.0	6.0	2.0	1.0	0.0	1.0	0.0	0.0	0.0	0.0	0.0	0.0	0.0	0.0	0.0	0.0	0.0	0.0	0.0	0.0	0.0	0.0	0.0	0.0	0.0	0.0	0.0	0.0	0.0	90	0	6	32
0.0	0.0	0.0	0.0	0.0	0.0	0.0	0.0	0.0	0.0	0.0	0.0	0.0	0.0	0.0	0.0	0.0	0.0	0.0	0.0	0.0	0.0	0.0	0.0	0.0	0.0	0.0	0.0	0.0	1.0	0.0	12.0	25.0	80.0	153.0	306.0	548.0	890.0	1255.0	1891.0	2531.0	3555.0	4856.0	6684.0	9240.0	12483.0	14845.0	15923.0	14998.0	13622.0	11909.0	11066.0	10461.0	10132.0	9799.0	9378.0	9346.0	8873.0	8783.0	8742.0	8800.0	8793.0	8764.0	8552.0	8499.0	8707.0	8635.0	8909.0	9060.0	9054.0	9313.0	9447.0	9500.0	9813.0	9904.0	10527.0	11021.0	11571.0	12551.0	13409.0	15181.0	17777.0	18352.0	16558.0	12857.0	9025.0	6479.0	4723.0	3706.0	2744.0	2154.0	1598.0	1175.0	876.0	622.0	350.0	197.0	99.0	45.0	18.0	7.0	2.0	0.0	0.0	0.0	0.0	0.0	0.0	0.0	0.0	0.0	0.0	0.0	0.0	0.0	0.0	0.0	0.0	0.0	0.0	0.0	0.0	0.0	0.0	0.0	0.0	0.0	0.0	0.0	90	0	7	29
0.0	0.0	0.0	0.0	0.0	0.0	0.0	0.0	0.0	0.0	0.0	0.0	0.0	0.0	0.0	0.0	0.0	0.0	0.0	0.0	0.0	0.0	0.0	0.0	0.0	0.0	0.0	0.0	0.0	0.0	0.0	4.0	7.0	32.0	94.0	176.0	294.0	461.0	728.0	1027.0	1419.0	1912.0	2587.0	3574.0	4804.0	6863.0	9649.0	12651.0	14488.0	14836.0	13474.0	11891.0	10922.0	10460.0	9929.0	9591.0	9353.0	9294.0	9241.0	9028.0	8963.0	9049.0	8936.0	8703.0	8638.0	8347.0	8411.0	8420.0	8342.0	8666.0	8613.0	8743.0	8590.0	8860.0	9091.0	8958.0	9194.0	9429.0	9654.0	10061.0	10442.0	11074.0	11895.0	13360.0	14734.0	15832.0	15015.0	13090.0	10323.0	7690.0	5694.0	4221.0	3290.0	2615.0	1930.0	1518.0	1080.0	815.0	504.0	306.0	146.0	61.0	14.0	2.0	0.0	0.0	0.0	0.0	0.0	0.0	0.0	0.0	0.0	0.0	0.0	0.0	0.0	0.0	0.0	0.0	0.0	0.0	0.0	0.0	0.0	0.0	0.0	0.0	0.0	90	1	0	61
0.0	0.0	0.0	0.0	0.0	0.0	0.0	0.0	0.0	0.0	0.0	0.0	0.0	0.0	0.0	0.0	0.0	0.0	0.0	0.0	0.0	0.0	0.0	0.0	0.0	0.0	0.0	0.0	0.0	0.0	0.0	4.0	10.0	30.0	93.0	211.0	347.0	576.0	900.0	1257.0	1840.0	2452.0	3339.0	4343.0	6119.0	8342.0	11021.0	13105.0	13710.0	12358.0	11057.0	10213.0	9714.0	9365.0	8957.0	8623.0	8492.0	8312.0	7985.0	7912.0	7880.0	8040.0	8013.0	7971.0	7590.0	7727.0	7629.0	7744.0	7957.0	7975.0	8069.0	7847.0	7940.0	8080.0	8328.0	8396.0	8480.0	8822.0	9018.0	9371.0	9753.0	10466.0	11724.0	13371.0	14283.0	14263.0	12679.0	9982.0	7261.0	5343.0	4113.0	2986.0	2372.0	1803.0	1293.0	965.0	642.0	436.0	241.0	85.0	42.0	13.0	4.0	0.0	0.0	0.0	0.0	0.0	0.0	0.0	0.0	0.0	0.0	0.0	0.0	0.0	0.0	0.0	0.0	0.0	0.0	0.0	0.0	0.0	0.0	0.0	0.0	0.0	0.0	90	1	1	52
0.0	0.0	0.0	0.0	0.0	0.0	0.0	0.0	0.0	0.0	0.0	0.0	0.0	0.0	0.0	0.0	0.0	0.0	0.0	0.0	0.0	0.0	0.0	0.0	0.0	0.0	0.0	0.0	0.0	0.0	2.0	3.0	11.0	40.0	96.0	182.0	363.0	615.0	919.0	1337.0	1931.0	2581.0	3596.0	4651.0	6535.0	8868.0	11947.0	14247.0	15121.0	13948.0	12192.0	11091.0	10428.0	10327.0	9939.0	9610.0	9487.0	9187.0	8820.0	8975.0	8810.0	8822.0	8670.0	8269.0	8271.0	8267.0	8312.0	8628.0	8850.0	9057.0	8979.0	9028.0	9124.0	9294.0	9318.0	9395.0	9493.0	10131.0	10391.0	10781.0	11747.0	13070.0	15333.0	16494.0	16133.0	14091.0	10922.0	7888.0	5820.0	4310.0	3300.0	2460.0	1876.0	1320.0	931.0	617.0	372.0	231.0	136.0	46.0	21.0	5.0	0.0	0.0	0.0	0.0	0.0	0.0	0.0	0.0	0.0	0.0	0.0	0.0	0.0	0.0	0.0	0.0	0.0	0.0	0.0	0.0	0.0	0.0	0.0	0.0	0.0	0.0	0.0	90	1	2	55
0.0	0.0	0.0	0.0	0.0	0.0	0.0	0.0	0.0	0.0	0.0	0.0	0.0	0.0	0.0	0.0	0.0	0.0	0.0	0.0	0.0	0.0	0.0	0.0	0.0	0.0	0.0	0.0	0.0	0.0	0.0	6.0	14.0	36.0	94.0	207.0	392.0	681.0	1068.0	1546.0	2288.0	3139.0	4193.0	5563.0	7612.0	10433.0	13784.0	17274.0	19113.0	18067.0	16116.0	14313.0	13236.0	12681.0	12411.0	12325.0	11848.0	11654.0	11513.0	11586.0	11255.0	11194.0	11029.0	10518.0	10553.0	10353.0	10646.0	10759.0	10863.0	11151.0	11164.0	11258.0	11019.0	11193.0	11443.0	11740.0	12162.0	12599.0	12841.0	13757.0	14529.0	16254.0	18552.0	20204.0	19613.0	16756.0	13220.0	9639.0	7117.0	5477.0	4085.0	3108.0	2396.0	1695.0	1224.0	849.0	582.0	285.0	162.0	66.0	17.0	6.0	2.0	0.0	1.0	0.0	0.0	0.0	0.0	0.0	0.0	0.0	0.0	0.0	0.0	0.0	0.0	0.0	0.0	0.0	0.0	0.0	0.0	0.0	0.0	0.0	0.0	0.0	0.0	90	1	3	54
0.0	0.0	0.0	0.0	0.0	0.0	0.0	0.0	0.0	0.0	0.0	0.0	0.0	0.0	0.0	0.0	0.0	0.0	0.0	0.0	0.0	0.0	0.0	0.0	0.0	0.0	0.0	0.0	1.0	1.0	1.0	4.0	10.0	23.0	53.0	115.0	249.0	456.0	737.0	1207.0	1738.0	2296.0	3233.0	4177.0	5833.0	7795.0	10793.0	14708.0	18037.0	18560.0	16926.0	14810.0	13169.0	12330.0	11833.0	11509.0	11516.0	11201.0	10918.0	11187.0	10840.0	10705.0	10905.0	10598.0	10344.0	10262.0	10308.0	10157.0	10414.0	10554.0	10827.0	10772.0	11034.0	11037.0	11274.0	11762.0	11865.0	12239.0	12637.0	13143.0	13902.0	15275.0	17447.0	19532.0	19731.0	17911.0	14328.0	10629.0	7896.0	5840.0	4419.0	3358.0	2606.0	1866.0	1326.0	912.0	615.0	377.0	166.0	90.0	24.0	7.0	1.0	0.0	0.0	0.0	0.0	0.0	0.0	0.0	0.0	0.0	0.0	0.0	0.0	0.0	0.0	0.0	0.0	0.0	0.0	0.0	0.0	0.0	0.0	0.0	0.0	0.0	0.0	90	1	4	57
0.0	0.0	0.0	0.0	0.0	0.0	0.0	0.0	0.0	0.0	0.0	0.0	0.0	0.0	0.0	0.0	0.0	0.0	0.0	0.0	0.0	0.0	0.0	0.0	0.0	0.0	0.0	0.0	0.0	0.0	0.0	0.0	12.0	46.0	93.0	183.0	373.0	636.0	974.0	1471.0	2105.0	3047.0	4034.0	5499.0	7460.0	10424.0	14222.0	18019.0	19816.0	19321.0	17320.0	15662.0	14572.0	13787.0	13430.0	12884.0	12454.0	12240.0	11748.0	11830.0	11747.0	11808.0	11519.0	11331.0	11149.0	11081.0	11027.0	11094.0	11359.0	11672.0	11565.0	11916.0	11897.0	12170.0	12505.0	12610.0	13108.0	13193.0	13869.0	14264.0	15306.0	16433.0	19123.0	21286.0	21632.0	19974.0	16402.0	12215.0	9120.0	6501.0	5061.0	3798.0	2849.0	2227.0	1606.0	1217.0	825.0	534.0	335.0	189.0	70.0	24.0	10.0	1.0	0.0	0.0	0.0	0.0	0.0	0.0	0.0	0.0	0.0	0.0	0.0	0.0	0.0	0.0	0.0	0.0	0.0	0.0	0.0	0.0	0.0	0.0	0.0	0.0	0.0	90	1	5	56
0.0	0.0	0.0	0.0	0.0	0.0	0.0	0.0	0.0	0.0	0.0	0.0	0.0	0.0	0.0	0.0	0.0	0.0	0.0	0.0	0.0	0.0	0.0	0.0	0.0	0.0	0.0	0.0	1.0	0.0	0.0	11.0	16.0	41.0	124.0	265.0	435.0	773.0	1154.0	1581.0	2206.0	3021.0	4073.0	5449.0	7537.0	10545.0	14090.0	16390.0	16339.0	14455.0	13011.0	12029.0	11369.0	10970.0	10738.0	10413.0	10160.0	10015.0	9945.0	10034.0	10011.0	9869.0	9766.0	9560.0	9276.0	9248.0	9231.0	9272.0	9397.0	9598.0	9703.0	9676.0	9845.0	9770.0	10077.0	10606.0	10755.0	10971.0	11776.0	12310.0	13529.0	15365.0	16884.0	17178.0	15757.0	13084.0	9788.0	7396.0	5356.0	4184.0	3154.0	2435.0	1813.0	1334.0	958.0	671.0	402.0	219.0	123.0	45.0	12.0	5.0	0.0	0.0	0.0	0.0	0.0	0.0	0.0	1.0	0.0	0.0	0.0	0.0	0.0	0.0	0.0	0.0	0.0	0.0	0.0	0.0	0.0	0.0	0.0	0.0	0.0	0.0	0.0	90	1	6	59
0.0	0.0	0.0	0.0	0.0	0.0	0.0	0.0	0.0	0.0	0.0	0.0	0.0	0.0	0.0	0.0	0.0	0.0	0.0	0.0	0.0	0.0	0.0	0.0	0.0	0.0	0.0	0.0	0.0	0.0	1.0	3.0	8.0	26.0	87.0	143.0	352.0	607.0	979.0	1480.0	2125.0	3157.0	4447.0	5992.0	8148.0	11641.0	15752.0	19520.0	20250.0	17853.0	15656.0	14110.0	13276.0	12549.0	12113.0	11690.0	11371.0	11226.0	11240.0	11237.0	11310.0	11434.0	11173.0	10846.0	10803.0	10493.0	10506.0	10545.0	10698.0	10824.0	10939.0	10957.0	10912.0	11151.0	11208.0	11414.0	11583.0	12086.0	12906.0	13594.0	14623.0	16541.0	18689.0	20232.0	19304.0	16806.0	13174.0	9747.0	7068.0	5168.0	4047.0	3045.0	2292.0	1619.0	1223.0	800.0	499.0	243.0	144.0	43.0	22.0	5.0	3.0	1.0	0.0	0.0	0.0	0.0	0.0	0.0	0.0	0.0	0.0	0.0	0.0	0.0	0.0	0.0	0.0	0.0	0.0	0.0	0.0	0.0	0.0	0.0	0.0	0.0	0.0	90	1	7	58
0.0	0.0	0.0	0.0	0.0	0.0	0.0	0.0	0.0	0.0	0.0	0.0	0.0	0.0	0.0	0.0	0.0	0.0	0.0	0.0	0.0	0.0	0.0	0.0	0.0	0.0	0.0	0.0	0.0	0.0	1.0	5.0	16.0	47.0	115.0	264.0	534.0	837.0	1409.0	2003.0	2674.0	3644.0	4829.0	6742.0	9265.0	12103.0	15783.0	18347.0	18546.0	16820.0	14677.0	13202.0	12495.0	11809.0	11049.0	10881.0	10620.0	10417.0	10428.0	10329.0	10434.0	10514.0	10403.0	10139.0	10292.0	10171.0	10040.0	10073.0	9762.0	9594.0	9265.0	9631.0	10332.0	10812.0	11189.0	11418.0	11490.0	11208.0	11322.0	11710.0	12881.0	15064.0	17824.0	19128.0	16988.0	13050.0	9130.0	6328.0	4604.0	3430.0	2601.0	1758.0	1229.0	871.0	511.0	263.0	131.0	46.0	11.0	6.0	0.0	0.0	0.0	0.0	0.0	0.0	0.0	0.0	0.0	0.0	0.0	0.0	0.0	0.0	0.0	0.0	0.0	0.0	0.0	0.0	0.0	0.0	0.0	0.0	0.0	0.0	0.0	0.0	0.0	90	10	0	194
0.0	0.0	0.0	0.0	0.0	0.0	0.0	0.0	0.0	0.0	0.0	0.0	0.0	0.0	0.0	0.0	0.0	0.0	0.0	0.0	0.0	0.0	0.0	0.0	0.0	0.0	0.0	0.0	0.0	0.0	0.0	1.0	1.0	2.0	11.0	35.0	91.0	202.0	446.0	800.0	1216.0	2037.0	2990.0	4285.0	6088.0	8321.0	11468.0	15715.0	19460.0	21167.0	20370.0	18032.0	15670.0	14574.0	14013.0	13406.0	12791.0	12640.0	12121.0	12267.0	12260.0	12455.0	12308.0	12149.0	12034.0	11872.0	11821.0	11967.0	12062.0	11778.0	11306.0	11117.0	11475.0	11643.0	12329.0	12930.0	13593.0	13811.0	13996.0	14303.0	15601.0	17616.0	19918.0	20359.0	17372.0	13485.0	9866.0	7197.0	5409.0	4021.0	3036.0	2176.0	1705.0	1172.0	782.0	496.0	254.0	114.0	42.0	21.0	4.0	1.0	1.0	0.0	0.0	0.0	0.0	0.0	0.0	0.0	0.0	0.0	0.0	0.0	0.0	0.0	0.0	0.0	0.0	0.0	0.0	0.0	0.0	0.0	0.0	0.0	0.0	0.0	0.0	90	10	1	203
0.0	0.0	0.0	0.0	0.0	0.0	0.0	0.0	0.0	0.0	0.0	0.0	0.0	0.0	0.0	0.0	0.0	0.0	0.0	0.0	0.0	0.0	0.0	0.0	1.0	0.0	0.0	0.0	0.0	0.0	0.0	0.0	1.0	1.0	4.0	20.0	74.0	153.0	358.0	608.0	977.0	1535.0	2123.0	3010.0	4155.0	5787.0	7979.0	11158.0	14206.0	16031.0	15253.0	12857.0	10631.0	9832.0	9240.0	9144.0	8812.0	8624.0	8669.0	8644.0	8280.0	8238.0	8126.0	7709.0	7462.0	7764.0	7645.0	7685.0	7653.0	7384.0	7105.0	7158.0	7683.0	8088.0	8791.0	9305.0	9386.0	9503.0	10018.0	10712.0	12498.0	15121.0	15096.0	12790.0	9404.0	6691.0	4909.0	3635.0	2736.0	2028.0	1572.0	1130.0	796.0	506.0	301.0	144.0	75.0	21.0	12.0	1.0	1.0	0.0	0.0	0.0	0.0	0.0	0.0	0.0	0.0	0.0	0.0	0.0	0.0	0.0	0.0	0.0	0.0	0.0	0.0	0.0	0.0	0.0	0.0	0.0	0.0	0.0	0.0	0.0	0.0	90	10	2	205
0.0	0.0	0.0	0.0	0.0	0.0	0.0	0.0	0.0	0.0	0.0	0.0	0.0	0.0	0.0	0.0	0.0	0.0	0.0	0.0	0.0	0.0	0.0	0.0	0.0	0.0	0.0	0.0	0.0	0.0	0.0	0.0	1.0	5.0	17.0	51.0	100.0	191.0	417.0	707.0	1228.0	1814.0	2658.0	3794.0	5162.0	7347.0	9822.0	13684.0	18745.0	23348.0	26041.0	25270.0	22428.0	19793.0	18199.0	16934.0	16208.0	15576.0	15235.0	14896.0	14820.0	14783.0	14749.0	14364.0	14199.0	14094.0	13685.0	13933.0	13862.0	14218.0	13856.0	13699.0	13370.0	13851.0	14499.0	15368.0	16246.0	16728.0	16595.0	17387.0	17968.0	19581.0	22574.0	24217.0	23325.0	19051.0	14226.0	10203.0	7574.0	5819.0	4369.0	3247.0	2454.0	1835.0	1319.0	917.0	575.0	316.0	134.0	71.0	23.0	8.0	0.0	1.0	0.0	0.0	1.0	0.0	0.0	0.0	0.0	0.0	0.0	0.0	0.0	0.0	0.0	0.0	0.0	0.0	0.0	0.0	0.0	0.0	0.0	0.0	0.0	0.0	0.0	90	10	3	204
0.0	0.0	0.0	0.0	0.0	0.0	0.0	0.0	0.0	0.0	0.0	0.0	0.0	0.0	0.0	0.0	0.0	0.0	0.0	0.0	0.0	0.0	0.0	0.0	0.0	0.0	0.0	0.0	0.0	1.0	0.0	0.0	1.0	2.0	10.0	22.0	73.0	159.0	291.0	624.0	1042.0	1625.0	2556.0	3893.0	5456.0	7496.0	10539.0	14871.0	19653.0	23264.0	23573.0	21158.0	17727.0	15613.0	14755.0	14057.0	13670.0	13607.0	13299.0	13279.0	13257.0	13162.0	13075.0	12640.0	12507.0	12277.0	12092.0	12308.0	12109.0	11949.0	11550.0	11460.0	12000.0	12558.0	13388.0	14291.0	14366.0	14627.0	14850.0	14992.0	16114.0	18041.0	20200.0	20707.0	18057.0	13549.0	10184.0	7303.0	5571.0	4374.0	3165.0	2550.0	1778.0	1360.0	900.0	542.0	316.0	157.0	70.0	28.0	6.0	1.0	0.0	0.0	0.0	0.0	0.0	0.0	0.0	0.0	0.0	0.0	0.0	0.0	0.0	0.0	0.0	0.0	0.0	0.0	0.0	0.0	0.0	0.0	0.0	0.0	0.0	0.0	0.0	90	10	4	202
0.0	0.0	0.0	0.0	0.0	0.0	0.0	0.0	0.0	0.0	0.0	0.0	0.0	0.0	0.0	0.0	0.0	0.0	0.0	0.0	0.0	0.0	0.0	0.0	0.0	0.0	0.0	0.0	0.0	0.0	0.0	1.0	0.0	10.0	14.0	59.0	135.0	280.0	552.0	923.0	1490.0	2209.0	3196.0	4503.0	6469.0	8975.0	12845.0	17356.0	21563.0	23029.0	21544.0	18486.0	16229.0	14964.0	14124.0	13546.0	13267.0	12708.0	12499.0	12514.0	12597.0	12303.0	12327.0	12050.0	11747.0	11626.0	11509.0	11733.0	11447.0	11022.0	10938.0	10989.0	11440.0	12013.0	12857.0	13458.0	13826.0	13956.0	13634.0	14091.0	15211.0	17477.0	20333.0	21183.0	18498.0	14209.0	10141.0	7412.0	5580.0	4025.0	3022.0	2311.0	1611.0	1121.0	674.0	359.0	209.0	100.0	28.0	7.0	4.0	1.0	0.0	1.0	0.0	0.0	0.0	0.0	0.0	0.0	0.0	0.0	0.0	0.0	0.0	0.0	0.0	0.0	0.0	0.0	0.0	0.0	0.0	0.0	0.0	0.0	0.0	0.0	0.0	90	10	5	206
0.0	0.0	0.0	0.0	0.0	0.0	0.0	0.0	0.0	0.0	0.0	0.0	0.0	0.0	0.0	0.0	0.0	0.0	0.0	0.0	0.0	0.0	0.0	0.0	0.0	0.0	0.0	0.0	0.0	0.0	1.0	1.0	8.0	6.0	34.0	94.0	200.0	424.0	685.0	1197.0	1899.0	2757.0	3848.0	5251.0	7267.0	9988.0	13875.0	18501.0	22224.0	22205.0	19758.0	16727.0	15085.0	14102.0	13491.0	12961.0	12530.0	12233.0	12062.0	11907.0	11941.0	11690.0	11610.0	11211.0	11254.0	11074.0	11005.0	11001.0	10770.0	10423.0	10225.0	10564.0	11200.0	11990.0	12465.0	12861.0	13265.0	13592.0	13839.0	14413.0	16217.0	18937.0	20065.0	18612.0	15047.0	10790.0	7965.0	6055.0	4624.0	3402.0	2601.0	1933.0	1403.0	1011.0	591.0	347.0	204.0	89.0	48.0	14.0	3.0	1.0	0.0	0.0	0.0	0.0	0.0	0.0	0.0	0.0	0.0	0.0	0.0	0.0	0.0	0.0	0.0	0.0	0.0	0.0	0.0	0.0	0.0	0.0	0.0	0.0	0.0	0.0	0.0	90	10	6	198
0.0	0.0	0.0	0.0	0.0	0.0	0.0	0.0	0.0	0.0	0.0	0.0	0.0	0.0	0.0	0.0	0.0	0.0	0.0	0.0	0.0	0.0	0.0	0.0	0.0	0.0	0.0	0.0	0.0	0.0	0.0	2.0	4.0	13.0	43.0	76.0	191.0	411.0	726.0	1217.0	1898.0	2705.0	3949.0	5414.0	7592.0	10447.0	14109.0	19138.0	23092.0	23888.0	21730.0	18313.0	16208.0	15537.0	14966.0	14412.0	14114.0	13732.0	13354.0	13077.0	13170.0	13023.0	13021.0	12423.0	12474.0	12320.0	12042.0	11925.0	12019.0	11909.0	11607.0	11768.0	12102.0	12835.0	13551.0	14078.0	14587.0	14440.0	14684.0	14996.0	16072.0	18472.0	21712.0	21958.0	19225.0	14709.0	10468.0	7624.0	5654.0	4206.0	3142.0	2303.0	1666.0	1184.0	792.0	484.0	243.0	120.0	37.0	8.0	2.0	3.0	0.0	0.0	0.0	0.0	0.0	0.0	0.0	0.0	0.0	0.0	0.0	0.0	0.0	0.0	0.0	0.0	0.0	0.0	0.0	0.0	0.0	0.0	0.0	0.0	0.0	0.0	0.0	90	10	7	196
0.0	0.0	0.0	0.0	0.0	0.0	0.0	0.0	0.0	0.0	0.0	0.0	0.0	0.0	0.0	0.0	0.0	0.0	0.0	0.0	0.0	0.0	0.0	0.0	0.0	0.0	0.0	0.0	0.0	0.0	0.0	0.0	2.0	1.0	3.0	7.0	22.0	51.0	122.0	184.0	306.0	489.0	791.0	1148.0	1677.0	2278.0	3064.0	4139.0	5821.0	7838.0	10217.0	12023.0	11904.0	10752.0	9692.0	8673.0	7890.0	7652.0	7511.0	7157.0	6991.0	6969.0	7049.0	7075.0	7089.0	6977.0	7082.0	6859.0	7056.0	6989.0	7342.0	7224.0	7362.0	7467.0	7883.0	8131.0	8244.0	8747.0	9143.0	9522.0	9936.0	10708.0	12262.0	13281.0	13530.0	12248.0	9851.0	7004.0	5038.0	3483.0	2197.0	1380.0	798.0	427.0	157.0	60.0	18.0	4.0	1.0	0.0	0.0	0.0	0.0	0.0	0.0	0.0	0.0	0.0	0.0	0.0	0.0	0.0	0.0	0.0	0.0	0.0	0.0	0.0	0.0	0.0	0.0	0.0	0.0	0.0	0.0	0.0	0.0	0.0	0.0	90	11	0	213
0.0	0.0	0.0	0.0	0.0	0.0	0.0	0.0	0.0	0.0	0.0	0.0	0.0	0.0	0.0	0.0	0.0	0.0	0.0	0.0	0.0	0.0	0.0	0.0	0.0	0.0	0.0	0.0	0.0	1.0	1.0	0.0	0.0	7.0	20.0	70.0	127.0	284.0	466.0	736.0	989.0	1406.0	1820.0	2306.0	3160.0	4144.0	5530.0	7892.0	11062.0	14073.0	15459.0	14703.0	12756.0	11664.0	10696.0	10046.0	9720.0	9418.0	9066.0	8764.0	8590.0	8491.0	8514.0	8263.0	8256.0	8148.0	8223.0	8260.0	8286.0	8367.0	8739.0	8752.0	8716.0	8929.0	9168.0	9316.0	9777.0	9812.0	10186.0	10870.0	12171.0	13703.0	14698.0	14583.0	12633.0	9625.0	6922.0	4949.0	3333.0	2272.0	1517.0	834.0	397.0	178.0	76.0	23.0	12.0	2.0	1.0	0.0	0.0	0.0	0.0	0.0	0.0	0.0	0.0	0.0	0.0	0.0	0.0	0.0	0.0	0.0	0.0	0.0	0.0	0.0	0.0	0.0	0.0	0.0	0.0	0.0	0.0	0.0	0.0	0.0	0.0	90	11	1	192
0.0	0.0	0.0	0.0	0.0	0.0	0.0	0.0	0.0	0.0	0.0	0.0	0.0	0.0	0.0	0.0	0.0	0.0	0.0	0.0	0.0	0.0	0.0	0.0	0.0	0.0	0.0	0.0	0.0	0.0	0.0	0.0	1.0	3.0	4.0	10.0	26.0	70.0	139.0	229.0	404.0	593.0	985.0	1404.0	1915.0	2610.0	3644.0	4898.0	7094.0	9830.0	13042.0	16812.0	19064.0	19070.0	16921.0	15853.0	14607.0	13696.0	12938.0	12539.0	11872.0	11762.0	11862.0	11614.0	11457.0	11397.0	11094.0	11109.0	11153.0	11512.0	11624.0	11633.0	11801.0	12006.0	12263.0	12647.0	13204.0	13733.0	14403.0	14874.0	16186.0	17487.0	19605.0	20521.0	19303.0	15629.0	11484.0	8170.0	5791.0	3897.0	2674.0	1726.0	943.0	488.0	210.0	68.0	18.0	8.0	3.0	1.0	0.0	0.0	0.0	0.0	0.0	0.0	0.0	0.0	0.0	0.0	0.0	0.0	0.0	0.0	0.0	0.0	0.0	0.0	0.0	0.0	0.0	0.0	0.0	0.0	0.0	0.0	0.0	0.0	0.0	90	11	2	200
0.0	0.0	0.0	0.0	0.0	0.0	0.0	0.0	0.0	0.0	0.0	0.0	0.0	0.0	0.0	0.0	0.0	0.0	0.0	0.0	0.0	0.0	0.0	0.0	0.0	0.0	0.0	0.0	0.0	0.0	0.0	1.0	2.0	3.0	8.0	54.0	114.0	216.0	463.0	775.0	1165.0	1693.0	2364.0	3239.0	4305.0	5826.0	7968.0	11145.0	15446.0	18624.0	18759.0	16915.0	14749.0	13594.0	12851.0	12317.0	12127.0	11672.0	11216.0	11038.0	10907.0	10756.0	10511.0	10400.0	10066.0	10191.0	10006.0	10127.0	10328.0	10594.0	10709.0	10945.0	11289.0	11518.0	11779.0	11798.0	12438.0	12847.0	13880.0	15253.0	16882.0	18008.0	16871.0	14556.0	10861.0	7428.0	5030.0	3260.0	2156.0	1326.0	672.0	352.0	158.0	68.0	22.0	7.0	0.0	0.0	2.0	0.0	0.0	0.0	0.0	0.0	0.0	0.0	0.0	0.0	0.0	0.0	0.0	0.0	0.0	0.0	0.0	0.0	0.0	0.0	0.0	0.0	0.0	0.0	0.0	0.0	0.0	0.0	0.0	0.0	0.0	90	11	3	208
0.0	0.0	0.0	0.0	0.0	0.0	0.0	0.0	0.0	0.0	0.0	0.0	0.0	0.0	0.0	0.0	0.0	0.0	0.0	0.0	0.0	0.0	0.0	0.0	0.0	0.0	0.0	0.0	0.0	0.0	0.0	0.0	1.0	2.0	12.0	12.0	38.0	98.0	190.0	361.0	581.0	939.0	1364.0	2070.0	2869.0	3967.0	5527.0	7902.0	10777.0	15068.0	18489.0	19605.0	18647.0	16723.0	15193.0	14282.0	13390.0	12897.0	12111.0	11897.0	11579.0	11339.0	11252.0	11132.0	11156.0	10798.0	10660.0	10800.0	11037.0	11154.0	11303.0	11217.0	11500.0	11604.0	11968.0	12410.0	12889.0	13605.0	14404.0	15259.0	16618.0	18149.0	19220.0	18906.0	16580.0	12898.0	9096.0	6283.0	4240.0	2825.0	1685.0	942.0	439.0	191.0	65.0	27.0	5.0	1.0	0.0	0.0	0.0	0.0	0.0	0.0	0.0	0.0	0.0	0.0	0.0	0.0	0.0	0.0	0.0	0.0	0.0	0.0	0.0	0.0	0.0	0.0	0.0	0.0	0.0	0.0	0.0	0.0	0.0	0.0	0.0	90	11	4	207
0.0	0.0	0.0	0.0	0.0	0.0	0.0	0.0	0.0	0.0	0.0	0.0	0.0	0.0	0.0	0.0	0.0	0.0	0.0	0.0	0.0	0.0	0.0	0.0	0.0	0.0	0.0	0.0	0.0	0.0	0.0	0.0	2.0	4.0	4.0	27.0	62.0	154.0	261.0	479.0	789.0	1228.0	1699.0	2420.0	3290.0	4471.0	5955.0	8253.0	11215.0	14705.0	16828.0	16419.0	14388.0	12874.0	11962.0	11646.0	11003.0	10823.0	10413.0	10220.0	10065.0	9894.0	9658.0	9558.0	9523.0	9539.0	9453.0	9654.0	9712.0	10059.0	10231.0	10140.0	10197.0	10446.0	10741.0	11078.0	11417.0	12109.0	12500.0	13350.0	14717.0	16526.0	17396.0	16953.0	14393.0	11065.0	7805.0	5374.0	3545.0	2189.0	1249.0	616.0	283.0	120.0	39.0	13.0	1.0	0.0	2.0	1.0	0.0	0.0	0.0	0.0	0.0	0.0	0.0	0.0	0.0	0.0	0.0	0.0	0.0	0.0	0.0	0.0	0.0	0.0	0.0	0.0	0.0	0.0	0.0	0.0	0.0	0.0	0.0	0.0	0.0	90	11	5	210
0.0	0.0	0.0	0.0	0.0	0.0	0.0	0.0	0.0	0.0	0.0	0.0	0.0	0.0	0.0	0.0	0.0	0.0	0.0	0.0	0.0	0.0	0.0	0.0	0.0	0.0	0.0	0.0	0.0	0.0	0.0	0.0	0.0	0.0	5.0	14.0	28.0	67.0	141.0	246.0	469.0	771.0	1202.0	1796.0	2454.0	3477.0	4701.0	6518.0	8934.0	12152.0	15684.0	17228.0	17172.0	15304.0	13990.0	13057.0	12419.0	11658.0	11387.0	11081.0	10705.0	10629.0	10475.0	10722.0	10317.0	10176.0	9875.0	9975.0	9887.0	10420.0	10363.0	10211.0	10130.0	10534.0	10732.0	11010.0	11517.0	12114.0	12263.0	13228.0	13794.0	15136.0	16449.0	17257.0	15876.0	13115.0	9632.0	6899.0	4729.0	3170.0	1810.0	1050.0	494.0	213.0	67.0	22.0	6.0	1.0	1.0	1.0	0.0	0.0	0.0	0.0	0.0	0.0	0.0	0.0	0.0	0.0	0.0	0.0	0.0	0.0	0.0	0.0	0.0	0.0	0.0	0.0	0.0	0.0	0.0	0.0	0.0	0.0	0.0	0.0	0.0	90	11	6	209
0.0	0.0	0.0	0.0	0.0	0.0	0.0	0.0	0.0	0.0	0.0	0.0	0.0	0.0	0.0	0.0	0.0	0.0	0.0	0.0	0.0	0.0	0.0	0.0	0.0	0.0	0.0	0.0	0.0	0.0	1.0	0.0	0.0	4.0	6.0	29.0	87.0	168.0	333.0	503.0	747.0	1024.0	1470.0	1910.0	2562.0	3426.0	4814.0	6640.0	9221.0	12331.0	14733.0	15096.0	13608.0	12094.0	10916.0	10394.0	9545.0	9328.0	8939.0	8779.0	8521.0	8551.0	8313.0	8371.0	8286.0	8277.0	8159.0	8225.0	8239.0	8540.0	8490.0	8632.0	8510.0	8654.0	8859.0	9041.0	9473.0	9838.0	10516.0	11167.0	12426.0	13809.0	15329.0	14883.0	13219.0	10384.0	7496.0	5264.0	3448.0	1989.0	1082.0	484.0	231.0	77.0	22.0	11.0	2.0	0.0	2.0	0.0	0.0	0.0	0.0	0.0	0.0	0.0	0.0	0.0	0.0	0.0	0.0	0.0	0.0	0.0	0.0	0.0	0.0	0.0	0.0	0.0	0.0	0.0	0.0	0.0	0.0	0.0	0.0	0.0	0.0	90	11	7	211
0.0	0.0	0.0	0.0	0.0	0.0	0.0	0.0	0.0	0.0	0.0	0.0	0.0	0.0	0.0	0.0	0.0	0.0	0.0	0.0	0.0	0.0	0.0	0.0	0.0	3.0	10.0	55.0	124.0	261.0	489.0	740.0	1068.0	1529.0	1995.0	2456.0	3068.0	3907.0	4745.0	5963.0	7264.0	9036.0	11460.0	14612.0	17888.0	19527.0	18947.0	16555.0	14579.0	13481.0	12707.0	12119.0	11888.0	11435.0	11171.0	11353.0	11333.0	11504.0	11066.0	10971.0	10996.0	10866.0	11037.0	11251.0	11697.0	12174.0	12657.0	13429.0	14395.0	15995.0	18747.0	21274.0	21468.0	17531.0	11624.0	6524.0	3471.0	2185.0	1558.0	1074.0	764.0	540.0	338.0	197.0	116.0	61.0	21.0	2.0	4.0	0.0	0.0	0.0	0.0	0.0	0.0	0.0	0.0	0.0	0.0	0.0	0.0	0.0	0.0	0.0	0.0	0.0	0.0	0.0	0.0	0.0	0.0	0.0	0.0	0.0	0.0	0.0	0.0	0.0	0.0	0.0	0.0	0.0	0.0	0.0	0.0	0.0	0.0	0.0	0.0	90	12	0	144
0.0	0.0	0.0	0.0	0.0	0.0	0.0	0.0	0.0	0.0	0.0	0.0	0.0	0.0	0.0	0.0	0.0	0.0	0.0	0.0	0.0	0.0	0.0	1.0	1.0	2.0	9.0	32.0	66.0	216.0	401.0	739.0	1147.0	1627.0	2147.0	2832.0	3703.0	4470.0	5561.0	6993.0	8908.0	11405.0	14238.0	16595.0	17164.0	16114.0	14283.0	12835.0	12072.0	11225.0	11098.0	10543.0	10241.0	9946.0	9709.0	9495.0	9886.0	9582.0	9530.0	9272.0	9280.0	9411.0	9735.0	9707.0	10025.0	10502.0	10869.0	11196.0	11821.0	12893.0	14596.0	16520.0	18243.0	17511.0	13291.0	8165.0	4488.0	2433.0	1702.0	1250.0	912.0	666.0	452.0	284.0	164.0	91.0	36.0	3.0	1.0	0.0	0.0	0.0	0.0	0.0	0.0	0.0	0.0	0.0	0.0	0.0	0.0	0.0	0.0	0.0	0.0	0.0	0.0	0.0	0.0	0.0	0.0	0.0	0.0	0.0	0.0	0.0	0.0	0.0	0.0	0.0	0.0	0.0	0.0	0.0	0.0	0.0	0.0	0.0	0.0	90	12	1	155
0.0	0.0	0.0	0.0	0.0	0.0	0.0	0.0	0.0	0.0	0.0	0.0	0.0	0.0	0.0	0.0	0.0	0.0	0.0	0.0	0.0	0.0	0.0	1.0	1.0	3.0	9.0	77.0	212.0	398.0	702.0	1074.0	1435.0	1822.0	2384.0	3113.0	3856.0	4728.0	5686.0	7050.0	8842.0	11811.0	15023.0	17656.0	17768.0	15855.0	13522.0	12186.0	11354.0	11117.0	10511.0	10215.0	9475.0	9681.0	9460.0	9485.0	9824.0	9577.0	9720.0	9389.0	9254.0	9702.0	9899.0	10244.0	10560.0	11182.0	11698.0	12291.0	13475.0	15499.0	17883.0	19474.0	17728.0	12757.0	7622.0	4028.0	2352.0	1626.0	1162.0	783.0	537.0	353.0	226.0	129.0	52.0	19.0	6.0	3.0	1.0	0.0	0.0	0.0	0.0	0.0	0.0	0.0	0.0	0.0	0.0	0.0	0.0	0.0	0.0	0.0	0.0	0.0	0.0	0.0	0.0	0.0	0.0	0.0	0.0	0.0	0.0	0.0	0.0	0.0	0.0	0.0	0.0	0.0	0.0	0.0	0.0	0.0	0.0	0.0	0.0	90	12	2	145
0.0	0.0	0.0	0.0	0.0	0.0	0.0	0.0	0.0	0.0	0.0	0.0	0.0	0.0	0.0	0.0	0.0	0.0	0.0	0.0	0.0	0.0	0.0	0.0	0.0	2.0	8.0	35.0	99.0	242.0	543.0	806.0	1316.0	1793.0	2366.0	3105.0	3825.0	4896.0	5973.0	7285.0	8733.0	10814.0	13442.0	17105.0	19885.0	21191.0	20004.0	17868.0	16038.0	14618.0	13783.0	13284.0	12738.0	12075.0	11940.0	11980.0	12011.0	12063.0	12059.0	11978.0	11937.0	12041.0	12391.0	12601.0	12924.0	13802.0	14288.0	14867.0	16118.0	17669.0	20719.0	23901.0	24803.0	20609.0	13438.0	7634.0	4251.0	2662.0	1840.0	1338.0	928.0	632.0	400.0	287.0	131.0	61.0	23.0	7.0	2.0	0.0	0.0	0.0	0.0	0.0	0.0	0.0	0.0	0.0	0.0	0.0	0.0	0.0	0.0	0.0	0.0	0.0	0.0	0.0	0.0	0.0	0.0	0.0	0.0	0.0	0.0	0.0	0.0	0.0	0.0	0.0	0.0	0.0	0.0	0.0	0.0	0.0	0.0	0.0	0.0	90	12	3	146
0.0	0.0	0.0	0.0	0.0	0.0	0.0	0.0	0.0	0.0	0.0	0.0	0.0	0.0	0.0	0.0	0.0	0.0	0.0	0.0	0.0	0.0	0.0	0.0	0.0	0.0	1.0	10.0	19.0	81.0	183.0	409.0	669.0	1159.0	1646.0	2358.0	3060.0	4156.0	5597.0	6788.0	8530.0	10766.0	13720.0	18030.0	22670.0	25632.0	25566.0	22856.0	19693.0	17350.0	16484.0	15415.0	14923.0	14441.0	14233.0	14127.0	14583.0	14515.0	14639.0	14531.0	14346.0	14431.0	14789.0	15100.0	15629.0	16303.0	17306.0	18389.0	19725.0	22073.0	26072.0	30134.0	30889.0	25236.0	16324.0	9042.0	4702.0	2918.0	1848.0	1341.0	943.0	611.0	414.0	238.0	117.0	51.0	20.0	6.0	1.0	0.0	0.0	0.0	0.0	0.0	0.0	0.0	0.0	0.0	0.0	0.0	0.0	0.0	0.0	0.0	0.0	0.0	0.0	0.0	0.0	0.0	0.0	0.0	0.0	0.0	0.0	0.0	0.0	0.0	0.0	0.0	0.0	0.0	0.0	0.0	0.0	0.0	0.0	0.0	0.0	90	12	4	147
0.0	0.0	0.0	0.0	0.0	0.0	0.0	0.0	0.0	0.0	0.0	0.0	0.0	0.0	0.0	0.0	0.0	0.0	0.0	0.0	0.0	0.0	0.0	0.0	1.0	0.0	1.0	14.0	41.0	166.0	364.0	637.0	1035.0	1378.0	1894.0	2455.0	3224.0	4201.0	5125.0	6525.0	7995.0	10161.0	13250.0	17238.0	21676.0	24034.0	23035.0	20313.0	18352.0	17017.0	16323.0	15521.0	14873.0	14260.0	13839.0	13460.0	13544.0	13470.0	13381.0	13471.0	13377.0	13622.0	14277.0	14758.0	15525.0	16611.0	17647.0	19487.0	22569.0	27182.0	29694.0	27583.0	20239.0	11715.0	6170.0	3503.0	2204.0	1539.0	1056.0	711.0	450.0	263.0	174.0	69.0	27.0	7.0	4.0	2.0	0.0	0.0	0.0	0.0	0.0	0.0	0.0	0.0	0.0	0.0	0.0	0.0	0.0	0.0	0.0	0.0	0.0	0.0	0.0	0.0	0.0	0.0	0.0	0.0	0.0	0.0	0.0	0.0	0.0	0.0	0.0	0.0	0.0	0.0	0.0	0.0	0.0	0.0	0.0	0.0	0.0	90	12	5	152
0.0	0.0	0.0	0.0	0.0	0.0	0.0	0.0	0.0	0.0	0.0	0.0	0.0	0.0	0.0	0.0	0.0	0.0	0.0	0.0	0.0	0.0	0.0	1.0	0.0	0.0	2.0	3.0	20.0	73.0	169.0	366.0	651.0	946.0	1416.0	1993.0	2569.0	3394.0	4386.0	5619.0	7185.0	9092.0	12121.0	16283.0	20622.0	23816.0	23030.0	20348.0	17642.0	16159.0	14885.0	14334.0	13606.0	13214.0	12964.0	12708.0	13096.0	13328.0	13178.0	12994.0	13239.0	13225.0	13515.0	14445.0	15075.0	15957.0	16959.0	18155.0	21100.0	25152.0	28563.0	26987.0	20737.0	12028.0	6281.0	3300.0	2105.0	1341.0	891.0	624.0	399.0	191.0	121.0	39.0	21.0	3.0	1.0	0.0	0.0	0.0	0.0	0.0	0.0	0.0	0.0	0.0	0.0	0.0	0.0	0.0	0.0	0.0	0.0	0.0	0.0	0.0	0.0	0.0	0.0	0.0	0.0	0.0	0.0	0.0	0.0	0.0	0.0	0.0	0.0	0.0	0.0	0.0	0.0	0.0	0.0	0.0	0.0	0.0	0.0	90	12	6	150
0.0	0.0	0.0	0.0	0.0	0.0	0.0	0.0	0.0	0.0	0.0	0.0	0.0	0.0	0.0	0.0	0.0	0.0	0.0	0.0	1.0	0.0	0.0	0.0	0.0	0.0	4.0	12.0	61.0	110.0	285.0	505.0	827.0	1222.0	1721.0	2342.0	2990.0	3956.0	5098.0	6269.0	7787.0	9701.0	12339.0	16166.0	20695.0	24168.0	24138.0	21705.0	18528.0	16624.0	15676.0	14874.0	14425.0	13915.0	13784.0	13632.0	14166.0	13898.0	13767.0	13379.0	13548.0	13772.0	14078.0	14329.0	15116.0	15687.0	16874.0	18046.0	20557.0	24236.0	28036.0	28246.0	23240.0	15347.0	8359.0	4530.0	2888.0	2035.0	1329.0	964.0	676.0	414.0	255.0	139.0	73.0	28.0	5.0	3.0	0.0	0.0	0.0	0.0	0.0	0.0	0.0	0.0	0.0	0.0	0.0	0.0	0.0	0.0	0.0	0.0	0.0	0.0	0.0	0.0	0.0	0.0	0.0	0.0	0.0	0.0	0.0	0.0	0.0	0.0	0.0	0.0	0.0	0.0	0.0	0.0	0.0	0.0	0.0	0.0	0.0	90	12	7	148
0.0	0.0	0.0	0.0	0.0	0.0	0.0	0.0	0.0	0.0	0.0	0.0	0.0	0.0	0.0	0.0	0.0	0.0	0.0	0.0	0.0	0.0	0.0	0.0	0.0	0.0	0.0	0.0	0.0	12.0	11.0	33.0	118.0	220.0	346.0	591.0	817.0	1089.0	1535.0	2064.0	2695.0	3657.0	5159.0	7415.0	10856.0	14695.0	19158.0	21259.0	21413.0	19474.0	17280.0	15909.0	14889.0	14065.0	13583.0	13185.0	12585.0	12092.0	11970.0	12062.0	11960.0	11906.0	11783.0	11683.0	11548.0	11206.0	11371.0	11776.0	11730.0	11756.0	11659.0	11801.0	11406.0	11944.0	12215.0	12682.0	13045.0	13344.0	14196.0	15020.0	16493.0	18775.0	21736.0	21981.0	19742.0	15020.0	10559.0	7302.0	5070.0	3710.0	2801.0	2074.0	1514.0	1010.0	656.0	355.0	169.0	66.0	37.0	7.0	1.0	0.0	0.0	0.0	0.0	0.0	0.0	0.0	0.0	0.0	0.0	0.0	0.0	0.0	0.0	0.0	0.0	0.0	0.0	0.0	0.0	0.0	0.0	0.0	0.0	0.0	0.0	0.0	0.0	90	13	0	156
0.0	0.0	0.0	0.0	0.0	0.0	0.0	0.0	0.0	0.0	0.0	0.0	0.0	0.0	0.0	0.0	0.0	0.0	0.0	0.0	0.0	0.0	0.0	0.0	0.0	0.0	0.0	2.0	2.0	8.0	20.0	91.0	138.0	259.0	494.0	740.0	1061.0	1382.0	1790.0	2414.0	3223.0	4348.0	6154.0	8654.0	12003.0	15644.0	18360.0	18668.0	17702.0	15484.0	13776.0	12618.0	12067.0	11649.0	11464.0	11214.0	10935.0	10388.0	10463.0	10495.0	10486.0	10527.0	9911.0	10073.0	9924.0	9836.0	10037.0	10144.0	9998.0	10100.0	10069.0	10218.0	10222.0	10507.0	10881.0	11036.0	11468.0	11898.0	12563.0	13486.0	14627.0	16957.0	18473.0	18488.0	16007.0	12389.0	8637.0	6044.0	4356.0	3162.0	2418.0	1762.0	1260.0	900.0	525.0	319.0	180.0	73.0	25.0	15.0	3.0	0.0	1.0	0.0	0.0	0.0	0.0	0.0	0.0	0.0	0.0	0.0	0.0	0.0	0.0	0.0	0.0	0.0	0.0	0.0	0.0	0.0	0.0	0.0	0.0	0.0	0.0	0.0	0.0	90	13	1	149
0.0	0.0	0.0	0.0	0.0	0.0	0.0	0.0	0.0	0.0	0.0	0.0	0.0	0.0	0.0	0.0	0.0	0.0	0.0	0.0	0.0	0.0	0.0	0.0	0.0	0.0	0.0	0.0	0.0	8.0	24.0	56.0	143.0	267.0	422.0	657.0	928.0	1349.0	1747.0	2261.0	2975.0	4041.0	5832.0	8243.0	11963.0	16247.0	19370.0	20962.0	20146.0	17694.0	15706.0	14301.0	13445.0	12931.0	12666.0	12158.0	11697.0	11592.0	11462.0	11156.0	11015.0	10955.0	10886.0	10609.0	10301.0	10391.0	10599.0	10502.0	10532.0	10463.0	10582.0	10673.0	10659.0	10976.0	11215.0	11665.0	11605.0	11886.0	12620.0	13009.0	14112.0	15620.0	17543.0	18753.0	18094.0	15244.0	11361.0	7597.0	5439.0	4097.0	3021.0	2160.0	1683.0	1221.0	814.0	479.0	255.0	145.0	53.0	14.0	6.0	4.0	0.0	0.0	0.0	0.0	0.0	0.0	0.0	0.0	0.0	0.0	0.0	0.0	0.0	0.0	0.0	0.0	0.0	0.0	0.0	0.0	0.0	0.0	0.0	0.0	0.0	0.0	0.0	90	13	2	151
0.0	0.0	0.0	0.0	0.0	0.0	0.0	0.0	0.0	0.0	0.0	0.0	0.0	0.0	0.0	0.0	0.0	0.0	0.0	0.0	0.0	0.0	0.0	0.0	0.0	0.0	0.0	0.0	1.0	2.0	8.0	28.0	69.0	160.0	281.0	481.0	759.0	1110.0	1652.0	2202.0	2956.0	4014.0	5622.0	8045.0	11663.0	16083.0	20051.0	22504.0	22757.0	20327.0	18016.0	16396.0	15258.0	14967.0	14108.0	14062.0	13455.0	13268.0	12958.0	12755.0	12668.0	12635.0	12352.0	12117.0	11928.0	12032.0	12112.0	12120.0	12376.0	12268.0	11926.0	11973.0	12310.0	12532.0	12832.0	12854.0	13465.0	13911.0	14581.0	15511.0	17321.0	19641.0	21869.0	21577.0	18572.0	14459.0	10443.0	7584.0	5318.0	3884.0	2932.0	2242.0	1584.0	1008.0	680.0	380.0	188.0	90.0	31.0	13.0	2.0	1.0	1.0	0.0	0.0	0.0	0.0	0.0	0.0	0.0	0.0	0.0	0.0	0.0	0.0	0.0	0.0	0.0	0.0	0.0	0.0	0.0	0.0	0.0	0.0	0.0	0.0	0.0	0.0	90	13	3	141
0.0	0.0	0.0	0.0	0.0	0.0	0.0	0.0	0.0	0.0	0.0	0.0	0.0	0.0	0.0	0.0	0.0	0.0	0.0	0.0	0.0	0.0	0.0	0.0	0.0	0.0	0.0	0.0	0.0	4.0	15.0	22.0	86.0	169.0	333.0	523.0	795.0	1176.0	1603.0	2109.0	2884.0	3907.0	5447.0	7683.0	11168.0	15034.0	19246.0	21962.0	21894.0	20745.0	18090.0	16739.0	15783.0	14952.0	14385.0	14009.0	13620.0	13208.0	12372.0	12468.0	12424.0	12334.0	12359.0	11958.0	11743.0	11532.0	11704.0	11809.0	11886.0	12248.0	11809.0	12082.0	12121.0	12436.0	12631.0	13180.0	13281.0	13827.0	14403.0	15415.0	17077.0	19549.0	21473.0	21572.0	18739.0	14944.0	10478.0	7386.0	5254.0	3871.0	2934.0	2160.0	1519.0	1077.0	678.0	388.0	173.0	71.0	23.0	9.0	2.0	0.0	0.0	0.0	1.0	0.0	0.0	0.0	0.0	0.0	0.0	0.0	0.0	0.0	0.0	0.0	0.0	0.0	0.0	0.0	0.0	0.0	0.0	0.0	0.0	0.0	0.0	0.0	0.0	90	13	4	153
0.0	0.0	0.0	0.0	0.0	0.0	0.0	0.0	0.0	0.0	0.0	0.0	0.0	0.0	0.0	0.0	0.0	0.0	0.0	0.0	0.0	0.0	0.0	0.0	0.0	0.0	0.0	0.0	0.0	1.0	1.0	16.0	41.0	107.0	203.0	378.0	621.0	991.0	1393.0	1934.0	2773.0	3702.0	5222.0	7588.0	10754.0	14921.0	19519.0	22631.0	23445.0	21845.0	19129.0	17056.0	15865.0	15259.0	14722.0	13956.0	13597.0	13015.0	12766.0	12390.0	12384.0	12247.0	12028.0	12004.0	11976.0	11774.0	12307.0	12281.0	12442.0	12577.0	12233.0	12444.0	12351.0	12791.0	12992.0	13201.0	13786.0	14293.0	14833.0	15616.0	16575.0	18689.0	20963.0	21857.0	20059.0	16374.0	11752.0	8504.0	5904.0	4360.0	3266.0	2422.0	1744.0	1234.0	794.0	517.0	267.0	85.0	40.0	19.0	1.0	0.0	1.0	0.0	0.0	0.0	0.0	0.0	0.0	0.0	0.0	0.0	0.0	0.0	0.0	0.0	0.0	0.0	0.0	0.0	0.0	0.0	0.0	0.0	0.0	0.0	0.0	0.0	0.0	90	13	5	138
0.0	0.0	0.0	0.0	0.0	0.0	0.0	0.0	0.0	0.0	0.0	0.0	0.0	0.0	0.0	0.0	0.0	0.0	0.0	0.0	0.0	0.0	0.0	0.0	0.0	0.0	0.0	0.0	1.0	1.0	5.0	16.0	49.0	103.0	224.0	406.0	633.0	953.0	1295.0	1815.0	2451.0	3363.0	4543.0	6454.0	9522.0	13425.0	17496.0	20600.0	21118.0	19863.0	17245.0	15385.0	14533.0	13527.0	13191.0	12600.0	12139.0	11622.0	11339.0	11360.0	11564.0	11416.0	11323.0	11198.0	10983.0	10822.0	11065.0	11175.0	11299.0	11302.0	11175.0	10991.0	11299.0	11499.0	12026.0	12127.0	12433.0	13107.0	13441.0	14605.0	16323.0	18667.0	20700.0	20345.0	17127.0	12756.0	8841.0	5957.0	4271.0	3069.0	2199.0	1529.0	1031.0	620.0	319.0	164.0	66.0	24.0	8.0	1.0	3.0	0.0	0.0	1.0	0.0	0.0	0.0	0.0	0.0	0.0	0.0	0.0	0.0	0.0	0.0	0.0	0.0	0.0	0.0	0.0	0.0	0.0	0.0	0.0	0.0	0.0	0.0	0.0	0.0	90	13	6	154
0.0	0.0	0.0	0.0	0.0	0.0	0.0	0.0	0.0	0.0	0.0	0.0	0.0	0.0	0.0	0.0	0.0	0.0	0.0	0.0	0.0	0.0	0.0	0.0	0.0	0.0	0.0	0.0	1.0	1.0	4.0	31.0	89.0	156.0	277.0	479.0	687.0	959.0	1401.0	1941.0	2619.0	3537.0	5108.0	7165.0	10531.0	14841.0	19522.0	22818.0	23885.0	22060.0	19509.0	17695.0	16404.0	15420.0	14920.0	14259.0	13942.0	13527.0	13184.0	13086.0	12918.0	13056.0	12995.0	12780.0	12681.0	12544.0	12545.0	12649.0	12675.0	12500.0	12353.0	12481.0	12677.0	12741.0	13158.0	13644.0	13757.0	14345.0	15038.0	16254.0	18206.0	20557.0	22819.0	23376.0	20407.0	15911.0	10975.0	7503.0	5226.0	3775.0	2794.0	2002.0	1393.0	887.0	530.0	273.0	102.0	56.0	11.0	0.0	3.0	0.0	1.0	0.0	0.0	0.0	0.0	0.0	0.0	0.0	0.0	0.0	0.0	0.0	0.0	0.0	0.0	0.0	0.0	0.0	0.0	0.0	0.0	0.0	0.0	0.0	0.0	0.0	0.0	90	13	7	139
0.0	0.0	0.0	0.0	0.0	0.0	0.0	0.0	0.0	0.0	0.0	0.0	0.0	0.0	0.0	0.0	0.0	0.0	0.0	0.0	0.0	0.0	0.0	0.0	0.0	0.0	0.0	0.0	1.0	0.0	0.0	4.0	13.0	68.0	129.0	277.0	566.0	846.0	1172.0	1601.0	2248.0	2973.0	4233.0	5619.0	7864.0	11259.0	15527.0	19708.0	22336.0	22150.0	20182.0	17832.0	16330.0	15124.0	14271.0	13704.0	13296.0	12871.0	12929.0	12750.0	12635.0	12168.0	11861.0	11791.0	11840.0	11760.0	11975.0	12272.0	12202.0	12289.0	12460.0	12811.0	12877.0	13276.0	13640.0	13950.0	15501.0	17640.0	20412.0	21733.0	19019.0	14090.0	10370.0	7617.0	5840.0	4466.0	3185.0	2240.0	1329.0	737.0	331.0	164.0	68.0	12.0	5.0	1.0	0.0	1.0	0.0	0.0	1.0	0.0	0.0	0.0	0.0	0.0	0.0	0.0	0.0	0.0	0.0	0.0	0.0	0.0	0.0	0.0	0.0	0.0	0.0	0.0	0.0	0.0	0.0	0.0	0.0	0.0	0.0	0.0	0.0	90	14	0	244
0.0	0.0	0.0	0.0	0.0	0.0	0.0	0.0	0.0	0.0	0.0	0.0	0.0	0.0	0.0	0.0	0.0	0.0	0.0	0.0	0.0	0.0	0.0	0.0	0.0	0.0	0.0	0.0	0.0	0.0	0.0	0.0	2.0	8.0	51.0	120.0	247.0	477.0	807.0	1340.0	1946.0	2793.0	4214.0	6354.0	10001.0	14369.0	18596.0	20646.0	20386.0	18692.0	16522.0	15396.0	14552.0	13903.0	13054.0	12898.0	12451.0	12175.0	11928.0	11963.0	11736.0	11577.0	11483.0	11292.0	11380.0	11569.0	11643.0	11526.0	11780.0	11481.0	11218.0	11490.0	11770.0	11868.0	12206.0	12874.0	13476.0	14778.0	16987.0	19747.0	20840.0	18110.0	12975.0	8951.0	6582.0	5174.0	3883.0	2942.0	2100.0	1433.0	862.0	509.0	292.0	108.0	45.0	14.0	2.0	1.0	1.0	1.0	0.0	0.0	0.0	0.0	0.0	0.0	0.0	0.0	0.0	0.0	0.0	0.0	0.0	0.0	0.0	0.0	0.0	0.0	0.0	0.0	0.0	0.0	0.0	0.0	0.0	0.0	0.0	0.0	0.0	90	14	1	253
0.0	0.0	0.0	0.0	0.0	0.0	0.0	0.0	0.0	0.0	0.0	0.0	0.0	0.0	0.0	0.0	0.0	0.0	0.0	0.0	0.0	0.0	0.0	0.0	0.0	0.0	0.0	0.0	0.0	0.0	0.0	0.0	1.0	8.0	18.0	53.0	137.0	325.0	595.0	1018.0	1507.0	2297.0	3247.0	4737.0	7000.0	10520.0	15739.0	21839.0	26952.0	28718.0	26892.0	23836.0	21434.0	19654.0	18641.0	17861.0	17171.0	16510.0	15945.0	15691.0	15463.0	15094.0	15128.0	14585.0	14271.0	14296.0	14632.0	14926.0	15193.0	15331.0	15274.0	15340.0	15691.0	15891.0	16134.0	16660.0	17173.0	18457.0	20357.0	23630.0	25944.0	24784.0	18403.0	12660.0	8794.0	6492.0	5030.0	3935.0	2967.0	2300.0	1699.0	1070.0	610.0	312.0	125.0	43.0	12.0	0.0	1.0	0.0	0.0	0.0	0.0	0.0	0.0	0.0	0.0	0.0	0.0	0.0	0.0	0.0	0.0	0.0	0.0	0.0	0.0	0.0	0.0	0.0	0.0	0.0	0.0	0.0	0.0	0.0	0.0	0.0	0.0	90	14	2	250
0.0	0.0	0.0	0.0	0.0	0.0	0.0	0.0	0.0	0.0	0.0	0.0	0.0	0.0	0.0	0.0	0.0	0.0	0.0	0.0	0.0	0.0	0.0	0.0	0.0	0.0	0.0	0.0	0.0	0.0	0.0	1.0	1.0	7.0	21.0	59.0	154.0	313.0	549.0	966.0	1454.0	1985.0	2782.0	4003.0	5457.0	8067.0	12204.0	17220.0	22088.0	24408.0	23543.0	21192.0	19121.0	17893.0	16512.0	15356.0	14648.0	13911.0	13587.0	13422.0	13218.0	12928.0	12459.0	12316.0	12136.0	12498.0	12830.0	13154.0	13225.0	13167.0	13369.0	13457.0	13833.0	14410.0	14619.0	15231.0	16405.0	18529.0	21342.0	23097.0	21284.0	15358.0	10191.0	7046.0	5323.0	4096.0	3025.0	2091.0	1484.0	842.0	453.0	198.0	76.0	12.0	10.0	4.0	1.0	2.0	0.0	0.0	0.0	0.0	0.0	0.0	0.0	0.0	0.0	0.0	0.0	0.0	0.0	0.0	0.0	0.0	0.0	0.0	0.0	0.0	0.0	0.0	0.0	0.0	0.0	0.0	0.0	0.0	0.0	0.0	0.0	90	14	3	251
0.0	0.0	0.0	0.0	0.0	0.0	0.0	0.0	0.0	0.0	0.0	0.0	0.0	0.0	0.0	0.0	0.0	0.0	0.0	0.0	0.0	0.0	0.0	0.0	0.0	0.0	0.0	0.0	0.0	0.0	0.0	0.0	1.0	9.0	33.0	90.0	235.0	405.0	832.0	1359.0	1971.0	2982.0	4182.0	5799.0	8666.0	12916.0	18539.0	24720.0	29457.0	30221.0	28157.0	25709.0	23831.0	22599.0	21600.0	20830.0	19807.0	18876.0	18439.0	18070.0	17785.0	17665.0	17478.0	17270.0	17143.0	17414.0	17557.0	17731.0	17788.0	17566.0	17844.0	17877.0	18284.0	18649.0	19290.0	19948.0	21531.0	23945.0	27767.0	30503.0	27670.0	20523.0	14063.0	9922.0	7335.0	5497.0	3830.0	2550.0	1601.0	834.0	350.0	147.0	64.0	21.0	3.0	4.0	2.0	1.0	0.0	0.0	0.0	0.0	0.0	0.0	0.0	0.0	0.0	0.0	0.0	0.0	0.0	0.0	0.0	0.0	0.0	0.0	0.0	0.0	0.0	0.0	0.0	0.0	0.0	0.0	0.0	0.0	0.0	0.0	0.0	90	14	4	248
0.0	0.0	0.0	0.0	0.0	0.0	0.0	0.0	0.0	0.0	0.0	0.0	0.0	0.0	0.0	0.0	0.0	0.0	0.0	0.0	0.0	0.0	0.0	0.0	0.0	0.0	0.0	0.0	0.0	0.0	0.0	1.0	3.0	3.0	19.0	64.0	144.0	357.0	665.0	1094.0	1694.0	2518.0	3516.0	5083.0	7228.0	10860.0	15756.0	21846.0	26158.0	27329.0	25117.0	22205.0	20143.0	19120.0	17862.0	17035.0	16403.0	16191.0	15836.0	15580.0	15474.0	15149.0	15080.0	14737.0	14356.0	14521.0	14613.0	14641.0	14776.0	15003.0	15082.0	15420.0	15558.0	16009.0	16571.0	17358.0	18598.0	21180.0	23803.0	25992.0	24330.0	18598.0	13012.0	9246.0	6640.0	4732.0	3209.0	2051.0	1146.0	587.0	276.0	109.0	46.0	13.0	3.0	1.0	0.0	0.0	0.0	0.0	0.0	0.0	0.0	0.0	0.0	0.0	0.0	0.0	0.0	0.0	0.0	0.0	0.0	0.0	0.0	0.0	0.0	0.0	0.0	0.0	0.0	0.0	0.0	0.0	0.0	0.0	0.0	0.0	0.0	90	14	5	249
0.0	0.0	0.0	0.0	0.0	0.0	0.0	0.0	0.0	0.0	0.0	0.0	0.0	0.0	0.0	0.0	0.0	0.0	0.0	0.0	0.0	0.0	0.0	0.0	0.0	0.0	0.0	0.0	0.0	0.0	0.0	0.0	0.0	3.0	9.0	36.0	94.0	210.0	441.0	796.0	1269.0	1887.0	2755.0	3775.0	5374.0	7771.0	11655.0	16345.0	20992.0	22959.0	22288.0	19728.0	17620.0	16240.0	15455.0	14752.0	13873.0	13463.0	12952.0	12681.0	12681.0	12213.0	12134.0	11731.0	11586.0	11649.0	11799.0	12106.0	12164.0	12203.0	12128.0	12216.0	12436.0	12549.0	12791.0	12902.0	13524.0	14666.0	16569.0	19828.0	22899.0	21949.0	16453.0	10772.0	7297.0	5153.0	3837.0	2684.0	1721.0	964.0	465.0	184.0	56.0	16.0	6.0	2.0	1.0	1.0	1.0	1.0	0.0	0.0	0.0	0.0	0.0	0.0	0.0	0.0	0.0	0.0	0.0	0.0	0.0	0.0	0.0	0.0	0.0	0.0	0.0	0.0	0.0	0.0	0.0	0.0	0.0	0.0	0.0	0.0	0.0	90	14	6	246
0.0	0.0	0.0	0.0	0.0	0.0	0.0	0.0	0.0	0.0	0.0	0.0	0.0	0.0	0.0	0.0	0.0	0.0	0.0	0.0	0.0	0.0	0.0	0.0	0.0	0.0	0.0	0.0	0.0	0.0	0.0	0.0	2.0	16.0	30.0	99.0	204.0	395.0	717.0	1007.0	1628.0	2326.0	3311.0	4624.0	6790.0	9690.0	14189.0	19909.0	24613.0	26860.0	25584.0	22709.0	20052.0	18173.0	17422.0	16633.0	16279.0	15713.0	15094.0	15078.0	14611.0	14293.0	14161.0	14117.0	13683.0	13754.0	13982.0	14118.0	14095.0	14380.0	14113.0	14450.0	15081.0	15327.0	15455.0	16049.0	16808.0	18634.0	21243.0	24359.0	25481.0	21989.0	15270.0	9991.0	6992.0	5010.0	3513.0	2393.0	1362.0	726.0	360.0	122.0	49.0	16.0	3.0	2.0	0.0	0.0	0.0	0.0	0.0	0.0	0.0	0.0	0.0	0.0	0.0	0.0	0.0	0.0	0.0	0.0	0.0	0.0	0.0	0.0	0.0	0.0	0.0	0.0	0.0	0.0	0.0	0.0	0.0	0.0	0.0	0.0	0.0	90	14	7	247
0.0	0.0	0.0	0.0	0.0	0.0	0.0	0.0	0.0	0.0	0.0	0.0	0.0	0.0	0.0	0.0	0.0	0.0	0.0	0.0	0.0	0.0	0.0	0.0	0.0	0.0	0.0	0.0	0.0	0.0	0.0	1.0	0.0	2.0	6.0	3.0	17.0	78.0	151.0	317.0	583.0	800.0	1216.0	1780.0	2496.0	3445.0	4783.0	6862.0	10527.0	15095.0	19621.0	21382.0	19091.0	16675.0	14664.0	13813.0	13033.0	12760.0	12054.0	11646.0	11237.0	10914.0	10889.0	10876.0	10994.0	10715.0	10596.0	10436.0	10503.0	10586.0	10732.0	10659.0	10686.0	10708.0	10639.0	10548.0	10780.0	10997.0	11029.0	11436.0	11864.0	12404.0	13671.0	16280.0	19279.0	19404.0	16585.0	11882.0	8366.0	6202.0	4659.0	3736.0	2844.0	2315.0	1785.0	1293.0	827.0	497.0	269.0	118.0	40.0	19.0	9.0	0.0	0.0	0.0	1.0	0.0	0.0	0.0	0.0	0.0	0.0	0.0	0.0	0.0	0.0	0.0	0.0	0.0	0.0	0.0	0.0	0.0	0.0	0.0	0.0	0.0	0.0	90	15	0	227
0.0	0.0	0.0	0.0	0.0	0.0	0.0	0.0	0.0	0.0	0.0	0.0	0.0	0.0	0.0	0.0	0.0	0.0	0.0	0.0	0.0	0.0	0.0	0.0	0.0	0.0	0.0	0.0	0.0	0.0	0.0	2.0	1.0	2.0	2.0	0.0	13.0	57.0	120.0	244.0	489.0	814.0	1307.0	1930.0	2654.0	3986.0	5306.0	7767.0	11257.0	15752.0	20211.0	22354.0	20682.0	18069.0	15506.0	14290.0	13345.0	13083.0	12914.0	12384.0	12120.0	11992.0	11647.0	11785.0	11929.0	12141.0	12083.0	12003.0	12121.0	11854.0	12110.0	11890.0	11970.0	11744.0	11636.0	11845.0	11922.0	12189.0	12467.0	12577.0	12732.0	13069.0	13741.0	14913.0	16942.0	19559.0	20687.0	18365.0	14329.0	10451.0	7461.0	5504.0	4299.0	3443.0	2809.0	2247.0	1799.0	1387.0	1069.0	778.0	501.0	282.0	124.0	39.0	19.0	7.0	2.0	0.0	0.0	0.0	0.0	0.0	0.0	0.0	0.0	0.0	0.0	0.0	0.0	0.0	0.0	0.0	0.0	0.0	0.0	0.0	0.0	0.0	0.0	90	15	1	222
0.0	0.0	0.0	0.0	0.0	0.0	0.0	0.0	0.0	0.0	0.0	0.0	0.0	0.0	0.0	0.0	0.0	0.0	0.0	0.0	0.0	0.0	0.0	0.0	0.0	0.0	0.0	1.0	0.0	1.0	0.0	0.0	1.0	0.0	2.0	4.0	14.0	22.0	57.0	143.0	304.0	603.0	954.0	1513.0	2089.0	3063.0	4386.0	6138.0	8774.0	12697.0	18036.0	22519.0	24133.0	21872.0	19507.0	17110.0	15842.0	15122.0	14506.0	14205.0	13578.0	13236.0	12879.0	12810.0	12878.0	13094.0	12785.0	12819.0	12969.0	12732.0	12831.0	13056.0	12718.0	12667.0	12553.0	12691.0	12845.0	13241.0	13150.0	13361.0	13536.0	13810.0	14611.0	16120.0	18284.0	21302.0	21586.0	18417.0	13623.0	9959.0	7408.0	5500.0	4368.0	3577.0	2815.0	2323.0	1830.0	1433.0	1041.0	732.0	435.0	200.0	102.0	28.0	11.0	3.0	2.0	1.0	0.0	0.0	0.0	0.0	0.0	0.0	0.0	0.0	0.0	0.0	0.0	0.0	0.0	0.0	0.0	0.0	0.0	0.0	0.0	0.0	0.0	90	15	2	221
0.0	0.0	0.0	0.0	0.0	0.0	0.0	0.0	0.0	0.0	0.0	0.0	0.0	0.0	0.0	0.0	0.0	0.0	0.0	0.0	0.0	0.0	0.0	0.0	0.0	0.0	0.0	1.0	0.0	0.0	0.0	1.0	3.0	1.0	3.0	10.0	27.0	59.0	132.0	291.0	523.0	877.0	1356.0	1990.0	2859.0	3915.0	5212.0	7338.0	10589.0	14835.0	20695.0	24155.0	23954.0	21062.0	18561.0	16874.0	15849.0	15337.0	14609.0	14166.0	13481.0	13091.0	13095.0	12922.0	13137.0	12970.0	12929.0	12843.0	12648.0	12759.0	12796.0	12544.0	12342.0	12413.0	12517.0	12835.0	12908.0	13148.0	13343.0	13561.0	13956.0	14734.0	16000.0	17799.0	20982.0	22495.0	21052.0	16183.0	11559.0	8453.0	6323.0	5083.0	3997.0	3243.0	2543.0	1991.0	1537.0	1141.0	793.0	482.0	248.0	98.0	23.0	9.0	4.0	2.0	0.0	0.0	0.0	0.0	0.0	0.0	0.0	0.0	0.0	0.0	0.0	0.0	0.0	0.0	0.0	0.0	0.0	0.0	0.0	0.0	0.0	0.0	0.0	90	15	3	224
0.0	0.0	0.0	0.0	0.0	0.0	0.0	0.0	0.0	0.0	0.0	0.0	0.0	0.0	0.0	0.0	0.0	0.0	0.0	0.0	0.0	0.0	0.0	0.0	0.0	0.0	0.0	0.0	0.0	0.0	0.0	0.0	0.0	0.0	1.0	6.0	8.0	32.0	92.0	181.0	365.0	678.0	1125.0	1735.0	2548.0	3602.0	4954.0	6949.0	9875.0	14304.0	19876.0	24346.0	25107.0	22094.0	19047.0	17016.0	15954.0	15161.0	14519.0	13920.0	13210.0	12798.0	12590.0	12723.0	12979.0	12774.0	12662.0	12796.0	12332.0	12603.0	12817.0	12362.0	12291.0	12486.0	12608.0	12892.0	13373.0	13552.0	13553.0	14022.0	14338.0	15668.0	17315.0	20269.0	22003.0	20588.0	15950.0	11535.0	8338.0	6411.0	4971.0	3886.0	3320.0	2507.0	2072.0	1507.0	1072.0	763.0	412.0	207.0	113.0	24.0	12.0	6.0	0.0	2.0	0.0	0.0	0.0	0.0	0.0	0.0	0.0	0.0	0.0	0.0	0.0	0.0	0.0	0.0	0.0	0.0	0.0	0.0	0.0	0.0	0.0	0.0	0.0	90	15	4	223
0.0	0.0	0.0	0.0	0.0	0.0	0.0	0.0	0.0	0.0	0.0	0.0	0.0	0.0	0.0	0.0	0.0	0.0	0.0	0.0	0.0	0.0	0.0	0.0	0.0	0.0	0.0	0.0	0.0	0.0	2.0	0.0	1.0	4.0	3.0	12.0	16.0	40.0	101.0	226.0	472.0	788.0	1357.0	1881.0	2684.0	3923.0	5427.0	7662.0	11186.0	16696.0	22480.0	25956.0	24997.0	21670.0	19090.0	17895.0	16950.0	15984.0	15396.0	14715.0	13991.0	13774.0	13643.0	13363.0	13047.0	12971.0	12658.0	12628.0	12492.0	12633.0	12655.0	12739.0	12683.0	12566.0	12849.0	13102.0	13501.0	13882.0	14159.0	14347.0	14730.0	15308.0	17226.0	19960.0	22470.0	21462.0	17282.0	12699.0	8941.0	6753.0	5355.0	4200.0	3270.0	2594.0	2030.0	1479.0	1017.0	620.0	401.0	180.0	78.0	24.0	5.0	3.0	2.0	1.0	0.0	0.0	0.0	1.0	0.0	0.0	0.0	0.0	0.0	0.0	0.0	0.0	0.0	0.0	0.0	0.0	0.0	0.0	0.0	0.0	0.0	0.0	0.0	90	15	5	226
0.0	0.0	0.0	0.0	0.0	0.0	0.0	0.0	0.0	0.0	0.0	0.0	0.0	0.0	0.0	0.0	0.0	0.0	0.0	0.0	0.0	0.0	0.0	0.0	0.0	0.0	0.0	0.0	0.0	0.0	1.0	0.0	1.0	0.0	0.0	1.0	6.0	20.0	55.0	110.0	234.0	411.0	718.0	1118.0	1639.0	2452.0	3440.0	4788.0	6985.0	10279.0	15650.0	21204.0	24513.0	23931.0	20900.0	18003.0	16708.0	15940.0	15326.0	14541.0	14127.0	13526.0	13056.0	12843.0	12583.0	12966.0	12776.0	12513.0	12290.0	12418.0	12322.0	12637.0	12508.0	12635.0	12429.0	12470.0	12818.0	13026.0	13518.0	13324.0	13910.0	14617.0	15491.0	17943.0	21761.0	23669.0	22120.0	16797.0	12077.0	8628.0	6708.0	5083.0	4144.0	3359.0	2496.0	1964.0	1389.0	928.0	534.0	294.0	137.0	43.0	18.0	5.0	0.0	0.0	0.0	0.0	1.0	0.0	0.0	0.0	0.0	0.0	0.0	0.0	0.0	0.0	0.0	0.0	0.0	0.0	0.0	0.0	0.0	0.0	0.0	0.0	0.0	90	15	6	225
0.0	0.0	0.0	0.0	0.0	0.0	0.0	0.0	0.0	0.0	0.0	0.0	0.0	0.0	0.0	0.0	0.0	0.0	0.0	0.0	0.0	0.0	0.0	0.0	0.0	0.0	0.0	0.0	0.0	0.0	0.0	0.0	0.0	2.0	0.0	2.0	3.0	12.0	34.0	86.0	194.0	376.0	626.0	1045.0	1515.0	2200.0	3047.0	4278.0	5977.0	8932.0	13147.0	18154.0	21961.0	22799.0	19979.0	17512.0	16053.0	14940.0	14394.0	13904.0	13619.0	12907.0	12471.0	12224.0	12454.0	12210.0	11971.0	11673.0	11509.0	11659.0	11667.0	11838.0	11868.0	11631.0	11666.0	11662.0	11646.0	11929.0	12279.0	12730.0	12927.0	13124.0	13914.0	15301.0	17868.0	20950.0	21011.0	17373.0	12791.0	9056.0	6815.0	5202.0	4095.0	3320.0	2604.0	2146.0	1515.0	1058.0	697.0	372.0	173.0	86.0	22.0	3.0	2.0	1.0	3.0	0.0	0.0	0.0	0.0	0.0	0.0	0.0	0.0	0.0	0.0	0.0	0.0	0.0	0.0	0.0	0.0	0.0	0.0	0.0	0.0	0.0	0.0	90	15	7	228
0.0	0.0	0.0	0.0	0.0	0.0	0.0	0.0	0.0	0.0	0.0	0.0	0.0	0.0	0.0	0.0	0.0	0.0	0.0	0.0	0.0	0.0	0.0	0.0	0.0	0.0	0.0	0.0	0.0	0.0	2.0	3.0	8.0	40.0	86.0	171.0	401.0	697.0	1129.0	1743.0	2467.0	3327.0	4760.0	6520.0	8942.0	12142.0	15906.0	19689.0	20340.0	19469.0	17238.0	15265.0	14327.0	13494.0	12813.0	12279.0	11767.0	11400.0	11153.0	11204.0	11143.0	10920.0	10642.0	10734.0	10711.0	10402.0	10433.0	10525.0	10880.0	10960.0	10906.0	11098.0	11177.0	11444.0	11787.0	12247.0	13064.0	13522.0	14473.0	15556.0	16984.0	19734.0	21399.0	20826.0	17997.0	13930.0	10479.0	7725.0	5629.0	4331.0	3225.0	2445.0	1800.0	1271.0	880.0	542.0	328.0	131.0	58.0	15.0	6.0	0.0	0.0	0.0	1.0	0.0	0.0	0.0	0.0	0.0	0.0	0.0	0.0	0.0	0.0	0.0	0.0	0.0	0.0	0.0	0.0	0.0	0.0	0.0	0.0	0.0	0.0	0.0	0.0	90	2	0	85
0.0	0.0	0.0	0.0	0.0	0.0	0.0	0.0	0.0	0.0	0.0	0.0	0.0	0.0	0.0	0.0	0.0	0.0	0.0	0.0	0.0	0.0	0.0	0.0	0.0	0.0	0.0	0.0	1.0	1.0	7.0	22.0	59.0	160.0	361.0	731.0	1127.0	1799.0	2550.0	3454.0	4633.0	6013.0	8174.0	10955.0	15075.0	20429.0	23978.0	24937.0	23112.0	20216.0	18034.0	17157.0	16084.0	15449.0	15129.0	14559.0	14170.0	13852.0	14212.0	14110.0	14002.0	13446.0	13240.0	13163.0	13080.0	13308.0	13365.0	13522.0	13274.0	13318.0	13438.0	13762.0	14316.0	14750.0	15426.0	16838.0	18128.0	20423.0	23390.0	25790.0	24979.0	21193.0	16719.0	12325.0	9362.0	6962.0	5380.0	4011.0	3118.0	2318.0	1706.0	1202.0	707.0	497.0	263.0	111.0	68.0	18.0	7.0	4.0	2.0	0.0	0.0	0.0	0.0	0.0	0.0	0.0	0.0	0.0	0.0	0.0	0.0	0.0	0.0	0.0	0.0	0.0	0.0	0.0	0.0	0.0	0.0	0.0	0.0	0.0	0.0	0.0	0.0	90	2	1	92
0.0	0.0	0.0	0.0	0.0	0.0	0.0	0.0	0.0	0.0	0.0	0.0	0.0	0.0	0.0	0.0	0.0	0.0	0.0	0.0	0.0	0.0	0.0	0.0	0.0	0.0	0.0	1.0	1.0	2.0	3.0	10.0	17.0	47.0	112.0	259.0	478.0	897.0	1463.0	2315.0	3310.0	4804.0	6547.0	9217.0	12536.0	17872.0	23548.0	28346.0	28642.0	25658.0	22417.0	20164.0	19026.0	17897.0	17318.0	16305.0	15865.0	15695.0	15321.0	15069.0	15329.0	14956.0	14795.0	14445.0	14309.0	14443.0	14579.0	14893.0	15101.0	14739.0	15063.0	14979.0	15278.0	15710.0	16396.0	17201.0	18622.0	19845.0	21991.0	25144.0	28675.0	28587.0	25338.0	20078.0	15147.0	11377.0	8642.0	6798.0	5286.0	4078.0	3220.0	2341.0	1733.0	1173.0	783.0	464.0	241.0	145.0	56.0	21.0	2.0	0.0	0.0	0.0	0.0	0.0	0.0	0.0	0.0	0.0	0.0	0.0	0.0	0.0	0.0	0.0	0.0	0.0	0.0	0.0	0.0	0.0	0.0	0.0	0.0	0.0	0.0	0.0	0.0	90	2	2	75
0.0	0.0	0.0	0.0	0.0	0.0	0.0	0.0	0.0	0.0	0.0	0.0	0.0	0.0	0.0	0.0	0.0	0.0	0.0	0.0	0.0	0.0	0.0	0.0	0.0	0.0	0.0	0.0	0.0	3.0	4.0	10.0	35.0	84.0	211.0	414.0	701.0	1180.0	1807.0	2526.0	3542.0	4716.0	6363.0	8447.0	11282.0	15421.0	20470.0	24949.0	26101.0	24085.0	21324.0	19011.0	17812.0	16763.0	16075.0	15349.0	14970.0	14375.0	14242.0	14180.0	13918.0	13818.0	13417.0	13450.0	13327.0	13310.0	13605.0	13462.0	13658.0	13685.0	13860.0	14128.0	14512.0	15016.0	15520.0	16421.0	17273.0	19058.0	21647.0	24653.0	27156.0	26491.0	22431.0	17465.0	13183.0	9918.0	7438.0	5763.0	4365.0	3333.0	2389.0	1708.0	1155.0	755.0	473.0	245.0	142.0	61.0	22.0	10.0	3.0	1.0	0.0	0.0	0.0	0.0	0.0	0.0	0.0	0.0	0.0	0.0	0.0	0.0	0.0	0.0	0.0	0.0	0.0	0.0	0.0	0.0	0.0	0.0	0.0	0.0	0.0	0.0	0.0	90	2	3	90
0.0	0.0	0.0	0.0	0.0	0.0	0.0	0.0	0.0	0.0	0.0	0.0	0.0	0.0	0.0	0.0	0.0	0.0	0.0	0.0	0.0	0.0	0.0	0.0	0.0	0.0	0.0	0.0	0.0	1.0	0.0	1.0	10.0	19.0	61.0	161.0	321.0	686.0	1236.0	2024.0	2931.0	4282.0	5957.0	8184.0	11230.0	15649.0	21271.0	25640.0	26519.0	23858.0	20353.0	18331.0	17168.0	16095.0	15476.0	14688.0	14304.0	13822.0	13827.0	13722.0	13437.0	13560.0	13359.0	13037.0	12726.0	12498.0	12792.0	13095.0	13319.0	13203.0	13420.0	13573.0	13628.0	14723.0	15434.0	16197.0	16966.0	17997.0	19137.0	21507.0	24895.0	27131.0	25540.0	20946.0	15838.0	11592.0	8690.0	6512.0	4917.0	3755.0	2854.0	2049.0	1520.0	1046.0	668.0	376.0	216.0	102.0	46.0	13.0	5.0	1.0	0.0	1.0	0.0	0.0	0.0	0.0	0.0	0.0	0.0	0.0	0.0	0.0	0.0	0.0	0.0	0.0	0.0	0.0	0.0	0.0	0.0	0.0	0.0	0.0	0.0	0.0	0.0	90	2	4	74
0.0	0.0	0.0	0.0	0.0	0.0	0.0	0.0	0.0	0.0	0.0	0.0	0.0	0.0	0.0	0.0	0.0	0.0	0.0	0.0	0.0	0.0	0.0	0.0	0.0	0.0	0.0	0.0	1.0	0.0	0.0	6.0	9.0	24.0	95.0	173.0	340.0	706.0	1154.0	1770.0	2694.0	3851.0	5183.0	6860.0	8970.0	11943.0	15975.0	21404.0	25652.0	27387.0	26069.0	23332.0	20699.0	18967.0	17954.0	17250.0	16452.0	16276.0	16140.0	15789.0	15667.0	15558.0	15305.0	14593.0	14336.0	14635.0	14530.0	14648.0	14946.0	14775.0	14784.0	14928.0	14966.0	15294.0	16060.0	16680.0	17908.0	19017.0	20702.0	22291.0	25600.0	28101.0	27772.0	23749.0	18386.0	14032.0	10765.0	8462.0	6574.0	5062.0	3749.0	2842.0	2157.0	1500.0	917.0	574.0	369.0	147.0	71.0	28.0	11.0	1.0	0.0	0.0	0.0	0.0	0.0	0.0	0.0	0.0	0.0	0.0	0.0	0.0	0.0	0.0	0.0	0.0	0.0	0.0	0.0	0.0	0.0	0.0	0.0	0.0	0.0	0.0	0.0	90	2	5	89
0.0	0.0	0.0	0.0	0.0	0.0	0.0	0.0	0.0	0.0	0.0	0.0	0.0	0.0	0.0	0.0	0.0	0.0	0.0	0.0	0.0	0.0	0.0	0.0	0.0	0.0	0.0	0.0	0.0	0.0	3.0	2.0	10.0	24.0	81.0	152.0	366.0	614.0	1077.0	1678.0	2413.0	3439.0	4822.0	6665.0	9040.0	12391.0	17598.0	22808.0	27277.0	27349.0	25180.0	22103.0	19767.0	18579.0	17500.0	16576.0	15923.0	15556.0	15252.0	14982.0	15144.0	14823.0	14741.0	14260.0	14341.0	14371.0	14395.0	14568.0	15008.0	14897.0	14772.0	14698.0	15058.0	15409.0	15951.0	16650.0	17618.0	18670.0	20067.0	22279.0	25933.0	28704.0	28505.0	24184.0	18944.0	14191.0	10636.0	8248.0	6445.0	4843.0	3631.0	2612.0	1782.0	1177.0	735.0	404.0	203.0	103.0	30.0	15.0	3.0	0.0	0.0	0.0	0.0	0.0	0.0	0.0	0.0	0.0	0.0	0.0	0.0	0.0	0.0	0.0	0.0	0.0	0.0	0.0	0.0	0.0	0.0	0.0	0.0	0.0	0.0	0.0	0.0	90	2	6	77
0.0	0.0	0.0	0.0	0.0	0.0	0.0	0.0	0.0	0.0	0.0	0.0	0.0	0.0	0.0	0.0	0.0	0.0	0.0	0.0	0.0	0.0	0.0	0.0	0.0	0.0	0.0	0.0	0.0	0.0	1.0	6.0	28.0	60.0	130.0	342.0	592.0	964.0	1464.0	2180.0	2886.0	3889.0	5229.0	7016.0	9106.0	12301.0	16498.0	20875.0	23872.0	24435.0	22083.0	19637.0	17633.0	16635.0	16008.0	15329.0	14811.0	14514.0	14489.0	13977.0	14208.0	13918.0	13583.0	13118.0	13026.0	13020.0	13082.0	13086.0	13264.0	13482.0	13320.0	13418.0	13994.0	14254.0	14692.0	15068.0	15908.0	16805.0	17727.0	18846.0	20942.0	24287.0	27593.0	26771.0	22671.0	17762.0	13253.0	9912.0	7519.0	5647.0	4334.0	3261.0	2319.0	1567.0	1040.0	589.0	342.0	153.0	69.0	15.0	7.0	1.0	1.0	0.0	0.0	0.0	0.0	0.0	0.0	0.0	0.0	0.0	0.0	0.0	0.0	0.0	0.0	0.0	0.0	0.0	0.0	0.0	0.0	0.0	0.0	0.0	0.0	0.0	0.0	90	2	7	87
0.0	0.0	0.0	0.0	0.0	0.0	0.0	0.0	0.0	0.0	0.0	0.0	0.0	0.0	0.0	0.0	0.0	0.0	0.0	0.0	0.0	0.0	0.0	0.0	0.0	0.0	0.0	3.0	3.0	9.0	32.0	64.0	169.0	295.0	495.0	744.0	1112.0	1522.0	1896.0	2509.0	3199.0	4109.0	5524.0	7225.0	9605.0	12071.0	13603.0	13894.0	12823.0	11458.0	10709.0	9947.0	9474.0	9365.0	9043.0	8686.0	8634.0	8355.0	8362.0	8056.0	8187.0	8334.0	8242.0	8181.0	7931.0	8236.0	8202.0	8394.0	8542.0	8766.0	8630.0	8742.0	9010.0	9314.0	9542.0	10079.0	10463.0	10605.0	11092.0	11610.0	12573.0	14316.0	15889.0	15702.0	13229.0	9605.0	6639.0	4618.0	3180.0	2423.0	1856.0	1375.0	1037.0	799.0	540.0	351.0	194.0	89.0	36.0	7.0	6.0	0.0	1.0	0.0	0.0	0.0	0.0	0.0	0.0	0.0	0.0	0.0	0.0	0.0	0.0	0.0	0.0	0.0	0.0	0.0	0.0	0.0	0.0	0.0	0.0	0.0	0.0	0.0	0.0	90	3	0	91
0.0	0.0	0.0	0.0	0.0	0.0	0.0	0.0	0.0	0.0	0.0	0.0	0.0	0.0	0.0	0.0	0.0	0.0	0.0	0.0	0.0	0.0	0.0	0.0	0.0	0.0	1.0	1.0	4.0	6.0	23.0	67.0	146.0	259.0	498.0	929.0	1431.0	1936.0	2551.0	3274.0	4554.0	6184.0	8270.0	11175.0	14028.0	16032.0	15875.0	14307.0	12707.0	11286.0	10323.0	9976.0	9453.0	9349.0	9255.0	8929.0	8909.0	8882.0	8609.0	8795.0	8773.0	8920.0	8846.0	8777.0	8696.0	8974.0	9313.0	9286.0	9453.0	9495.0	9503.0	9927.0	10089.0	10503.0	11067.0	11673.0	12268.0	13095.0	14054.0	15595.0	17425.0	17812.0	15911.0	12268.0	8461.0	5535.0	3671.0	2645.0	1953.0	1437.0	1010.0	759.0	576.0	383.0	235.0	149.0	67.0	33.0	9.0	7.0	0.0	0.0	0.0	0.0	0.0	0.0	0.0	0.0	0.0	0.0	0.0	0.0	0.0	0.0	0.0	0.0	0.0	0.0	0.0	0.0	0.0	0.0	0.0	0.0	0.0	0.0	0.0	0.0	0.0	90	3	1	80
0.0	0.0	0.0	0.0	0.0	0.0	0.0	0.0	0.0	0.0	0.0	0.0	0.0	0.0	0.0	0.0	0.0	0.0	0.0	0.0	0.0	0.0	0.0	0.0	0.0	0.0	0.0	1.0	9.0	15.0	40.0	97.0	192.0	383.0	696.0	1089.0	1616.0	2381.0	3235.0	4227.0	5536.0	7441.0	9984.0	13650.0	17642.0	20104.0	19855.0	18185.0	16674.0	14973.0	14220.0	14193.0	13640.0	13150.0	12782.0	12338.0	12028.0	11767.0	11986.0	11927.0	12111.0	11593.0	11641.0	11520.0	11517.0	11919.0	12258.0	12428.0	12670.0	12517.0	13058.0	13333.0	14009.0	14676.0	15297.0	16020.0	17232.0	19351.0	21620.0	22292.0	20567.0	15953.0	11179.0	7484.0	5170.0	3740.0	2780.0	2014.0	1552.0	1052.0	821.0	607.0	354.0	231.0	137.0	65.0	29.0	12.0	6.0	1.0	0.0	0.0	0.0	0.0	0.0	0.0	0.0	0.0	0.0	0.0	0.0	0.0	0.0	0.0	0.0	0.0	0.0	0.0	0.0	0.0	0.0	0.0	0.0	0.0	0.0	0.0	0.0	0.0	0.0	90	3	2	84
0.0	0.0	0.0	0.0	0.0	0.0	0.0	0.0	0.0	0.0	0.0	0.0	0.0	0.0	0.0	0.0	0.0	0.0	0.0	0.0	0.0	0.0	0.0	0.0	0.0	1.0	1.0	3.0	10.0	19.0	38.0	91.0	179.0	348.0	628.0	1061.0	1442.0	2118.0	2825.0	3896.0	5022.0	6610.0	8978.0	12142.0	15885.0	18556.0	19213.0	17697.0	15881.0	14605.0	13551.0	13128.0	12780.0	12297.0	12204.0	11925.0	11426.0	11366.0	11297.0	11229.0	11296.0	11158.0	11009.0	11142.0	11111.0	10928.0	11239.0	11436.0	11293.0	11582.0	11709.0	12119.0	12550.0	12879.0	13307.0	13613.0	14064.0	14456.0	15353.0	17027.0	19223.0	20911.0	19663.0	15832.0	11349.0	7768.0	5650.0	4048.0	3065.0	2342.0	1773.0	1301.0	1056.0	709.0	528.0	338.0	181.0	95.0	36.0	13.0	3.0	2.0	0.0	0.0	0.0	0.0	0.0	0.0	0.0	0.0	0.0	0.0	0.0	0.0	0.0	0.0	0.0	0.0	0.0	0.0	0.0	0.0	0.0	0.0	0.0	0.0	0.0	0.0	0.0	90	3	3	86
0.0	0.0	0.0	0.0	0.0	0.0	0.0	0.0	0.0	0.0	0.0	0.0	0.0	0.0	0.0	0.0	0.0	0.0	0.0	0.0	0.0	0.0	0.0	0.0	0.0	1.0	2.0	4.0	10.0	19.0	30.0	83.0	185.0	296.0	556.0	936.0	1424.0	1992.0	2707.0	3696.0	4912.0	6305.0	8566.0	11776.0	15645.0	18617.0	19533.0	18211.0	16251.0	14796.0	13924.0	13519.0	12957.0	12918.0	12394.0	11984.0	11812.0	11378.0	11407.0	11331.0	11519.0	11472.0	11369.0	11352.0	11363.0	11563.0	11798.0	11896.0	12044.0	12090.0	12181.0	12420.0	12743.0	13221.0	13810.0	14199.0	14495.0	14846.0	15343.0	16459.0	18552.0	20543.0	21267.0	18234.0	13574.0	9547.0	6693.0	4909.0	3562.0	2704.0	2064.0	1583.0	1195.0	821.0	583.0	348.0	180.0	95.0	30.0	17.0	3.0	2.0	0.0	0.0	0.0	0.0	0.0	0.0	0.0	0.0	0.0	0.0	0.0	0.0	0.0	0.0	0.0	0.0	0.0	0.0	0.0	0.0	0.0	0.0	0.0	0.0	0.0	0.0	0.0	90	3	4	88
0.0	0.0	0.0	0.0	0.0	0.0	0.0	0.0	0.0	0.0	0.0	0.0	0.0	0.0	0.0	0.0	0.0	0.0	0.0	0.0	0.0	0.0	0.0	0.0	0.0	0.0	1.0	2.0	2.0	12.0	31.0	53.0	141.0	256.0	511.0	846.0	1263.0	1787.0	2422.0	3282.0	4258.0	5737.0	7592.0	10318.0	13985.0	18107.0	20646.0	20705.0	18532.0	16320.0	14591.0	13634.0	13337.0	12998.0	12363.0	12075.0	11735.0	11285.0	11431.0	11472.0	11328.0	11380.0	11292.0	11397.0	11290.0	11466.0	11706.0	12009.0	12126.0	12130.0	12457.0	12395.0	12820.0	13015.0	13656.0	13792.0	14513.0	14863.0	15877.0	17265.0	19360.0	21682.0	21990.0	19090.0	14324.0	9727.0	6785.0	4869.0	3628.0	2757.0	2092.0	1569.0	1153.0	890.0	626.0	445.0	246.0	134.0	59.0	12.0	6.0	0.0	0.0	0.0	0.0	0.0	0.0	0.0	0.0	0.0	0.0	0.0	0.0	0.0	0.0	0.0	0.0	0.0	0.0	0.0	0.0	0.0	0.0	0.0	0.0	0.0	0.0	0.0	0.0	90	3	5	83
0.0	0.0	0.0	0.0	0.0	0.0	0.0	0.0	0.0	0.0	0.0	0.0	0.0	0.0	0.0	0.0	0.0	0.0	0.0	0.0	0.0	0.0	0.0	0.0	0.0	0.0	1.0	1.0	4.0	3.0	18.0	26.0	58.0	138.0	289.0	458.0	745.0	1106.0	1455.0	2028.0	2703.0	3735.0	4838.0	6528.0	8534.0	11861.0	14566.0	16308.0	16073.0	14539.0	13006.0	12207.0	11734.0	11238.0	11072.0	10729.0	10210.0	9995.0	9780.0	9679.0	9691.0	9881.0	9838.0	9882.0	9646.0	9777.0	9770.0	9962.0	10067.0	10316.0	10180.0	10157.0	10572.0	10792.0	11359.0	11857.0	12292.0	12518.0	13221.0	14551.0	16355.0	18796.0	18947.0	16721.0	12448.0	8383.0	5904.0	4250.0	3262.0	2406.0	1845.0	1419.0	1062.0	831.0	542.0	412.0	245.0	110.0	51.0	14.0	6.0	1.0	0.0	0.0	0.0	0.0	0.0	0.0	0.0	0.0	0.0	0.0	0.0	0.0	0.0	0.0	0.0	0.0	0.0	0.0	0.0	0.0	0.0	0.0	0.0	0.0	0.0	0.0	0.0	90	3	6	82
0.0	0.0	0.0	0.0	0.0	0.0	0.0	0.0	0.0	0.0	0.0	0.0	0.0	0.0	0.0	0.0	0.0	0.0	0.0	0.0	0.0	0.0	0.0	0.0	0.0	1.0	1.0	2.0	5.0	17.0	30.0	50.0	125.0	216.0	403.0	693.0	977.0	1463.0	2068.0	2802.0	3682.0	4871.0	6447.0	8872.0	12235.0	16173.0	19197.0	19869.0	18154.0	15944.0	14269.0	13526.0	12793.0	12184.0	12084.0	11914.0	11628.0	11423.0	11049.0	11122.0	11244.0	11340.0	10920.0	11019.0	10998.0	10879.0	11323.0	11376.0	11433.0	11417.0	11258.0	11487.0	11766.0	12088.0	12612.0	12946.0	13563.0	14111.0	14564.0	15136.0	16450.0	18884.0	21224.0	21097.0	17635.0	12877.0	8860.0	6182.0	4450.0	3243.0	2513.0	1920.0	1515.0	1117.0	820.0	486.0	357.0	201.0	88.0	32.0	11.0	3.0	0.0	0.0	0.0	0.0	0.0	0.0	0.0	0.0	0.0	0.0	0.0	0.0	0.0	0.0	0.0	0.0	0.0	0.0	0.0	0.0	0.0	0.0	0.0	0.0	0.0	0.0	0.0	90	3	7	81
0.0	0.0	0.0	0.0	0.0	0.0	0.0	0.0	0.0	0.0	0.0	0.0	0.0	0.0	0.0	0.0	0.0	0.0	0.0	0.0	0.0	0.0	0.0	0.0	0.0	0.0	0.0	1.0	1.0	6.0	15.0	38.0	112.0	201.0	353.0	555.0	714.0	1012.0	1385.0	1738.0	2311.0	3036.0	4032.0	5601.0	7344.0	9226.0	10249.0	10498.0	9766.0	8927.0	8309.0	7712.0	7457.0	7251.0	6841.0	6707.0	6537.0	6313.0	6193.0	6292.0	6225.0	6349.0	6420.0	6109.0	6121.0	6295.0	6433.0	6549.0	6650.0	6631.0	6735.0	6895.0	7060.0	7210.0	7399.0	7618.0	8135.0	8582.0	8838.0	9690.0	10985.0	12968.0	14606.0	13486.0	10682.0	7504.0	5173.0	3533.0	2547.0	1481.0	961.0	527.0	291.0	124.0	51.0	18.0	7.0	2.0	0.0	0.0	0.0	0.0	0.0	0.0	0.0	0.0	0.0	0.0	0.0	0.0	0.0	0.0	0.0	0.0	0.0	0.0	0.0	0.0	0.0	0.0	0.0	0.0	0.0	0.0	0.0	0.0	0.0	0.0	0.0	90	4	0	0
0.0	0.0	0.0	0.0	0.0	0.0	0.0	0.0	0.0	0.0	0.0	0.0	0.0	0.0	0.0	0.0	0.0	0.0	0.0	0.0	0.0	0.0	0.0	0.0	0.0	0.0	0.0	0.0	2.0	3.0	4.0	7.0	29.0	74.0	128.0	225.0	378.0	568.0	822.0	1137.0	1514.0	1950.0	2685.0	3525.0	4510.0	5970.0	7721.0	8870.0	9361.0	8912.0	8293.0	7771.0	7188.0	7145.0	6783.0	6335.0	6417.0	6188.0	6088.0	6097.0	5922.0	6048.0	6070.0	6090.0	6227.0	5986.0	5942.0	6278.0	6305.0	6452.0	6491.0	6429.0	6562.0	6642.0	6755.0	6764.0	7280.0	7575.0	7833.0	8372.0	8546.0	9790.0	11192.0	12574.0	12471.0	10154.0	7713.0	5399.0	3923.0	2893.0	2169.0	1412.0	918.0	607.0	357.0	145.0	77.0	25.0	4.0	0.0	1.0	0.0	0.0	0.0	0.0	0.0	0.0	0.0	0.0	0.0	0.0	0.0	0.0	0.0	0.0	0.0	0.0	0.0	0.0	0.0	0.0	0.0	0.0	0.0	0.0	0.0	0.0	0.0	0.0	90	4	1	21
0.0	0.0	0.0	0.0	0.0	0.0	0.0	0.0	0.0	0.0	0.0	0.0	0.0	0.0	0.0	0.0	0.0	0.0	0.0	0.0	0.0	0.0	0.0	0.0	0.0	0.0	0.0	0.0	0.0	1.0	6.0	20.0	73.0	142.0	267.0	415.0	611.0	833.0	1151.0	1549.0	1968.0	2553.0	3263.0	4256.0	5562.0	7182.0	8865.0	10007.0	9795.0	8944.0	7887.0	7367.0	7034.0	6722.0	6750.0	6469.0	6319.0	6134.0	6035.0	5917.0	6070.0	6003.0	6041.0	6077.0	6018.0	5999.0	6184.0	6161.0	6626.0	6663.0	6571.0	6585.0	6784.0	6735.0	7057.0	7322.0	7853.0	8269.0	8485.0	8941.0	9649.0	10787.0	11955.0	11800.0	9389.0	6880.0	4807.0	3291.0	2490.0	1751.0	1222.0	823.0	492.0	262.0	166.0	62.0	25.0	11.0	4.0	3.0	1.0	0.0	0.0	0.0	0.0	0.0	0.0	0.0	0.0	0.0	0.0	0.0	0.0	0.0	0.0	0.0	0.0	0.0	0.0	0.0	0.0	0.0	0.0	0.0	0.0	0.0	0.0	0.0	0.0	90	4	2	19
0.0	0.0	0.0	0.0	0.0	0.0	0.0	0.0	0.0	0.0	0.0	0.0	0.0	0.0	0.0	0.0	0.0	0.0	0.0	0.0	0.0	0.0	0.0	0.0	0.0	0.0	0.0	0.0	1.0	2.0	12.0	19.0	45.0	128.0	186.0	333.0	559.0	792.0	1070.0	1409.0	2037.0	2462.0	3127.0	4064.0	5440.0	7096.0	9142.0	10764.0	11354.0	10920.0	9542.0	9042.0	8619.0	8218.0	7889.0	7621.0	7389.0	7317.0	7064.0	7081.0	7081.0	7180.0	7133.0	7022.0	7013.0	7094.0	7250.0	7277.0	7611.0	7638.0	7702.0	7656.0	7785.0	8064.0	8288.0	8527.0	8894.0	9327.0	9857.0	10704.0	11976.0	13495.0	14488.0	13491.0	10657.0	7585.0	5394.0	3810.0	2905.0	2072.0	1524.0	1088.0	751.0	473.0	255.0	143.0	58.0	23.0	4.0	2.0	1.0	0.0	0.0	0.0	0.0	0.0	0.0	0.0	0.0	0.0	0.0	0.0	0.0	0.0	0.0	0.0	0.0	0.0	0.0	0.0	0.0	0.0	0.0	0.0	0.0	0.0	0.0	0.0	0.0	90	4	3	17
0.0	0.0	0.0	0.0	0.0	0.0	0.0	0.0	0.0	0.0	0.0	0.0	0.0	0.0	0.0	0.0	0.0	0.0	0.0	0.0	0.0	0.0	0.0	0.0	0.0	0.0	0.0	1.0	0.0	2.0	7.0	35.0	60.0	177.0	316.0	524.0	782.0	1126.0	1487.0	1924.0	2613.0	3427.0	4506.0	6027.0	7854.0	10217.0	11876.0	12744.0	12581.0	11378.0	10534.0	9874.0	9568.0	8993.0	8495.0	8202.0	8157.0	7931.0	7781.0	7690.0	7516.0	7779.0	7625.0	7562.0	7554.0	7593.0	7785.0	8016.0	8033.0	8136.0	8054.0	8135.0	8156.0	8503.0	8770.0	9296.0	9351.0	9897.0	10239.0	10715.0	11847.0	13543.0	15031.0	14745.0	12643.0	9265.0	6609.0	4766.0	3496.0	2531.0	1692.0	1200.0	756.0	418.0	236.0	118.0	36.0	11.0	8.0	3.0	0.0	0.0	0.0	0.0	0.0	0.0	0.0	0.0	0.0	0.0	0.0	0.0	0.0	0.0	0.0	0.0	0.0	0.0	0.0	0.0	0.0	0.0	0.0	0.0	0.0	0.0	0.0	0.0	0.0	90	4	4	18
0.0	0.0	0.0	0.0	0.0	0.0	0.0	0.0	0.0	0.0	0.0	0.0	0.0	0.0	0.0	0.0	0.0	0.0	0.0	0.0	0.0	0.0	0.0	0.0	0.0	0.0	0.0	0.0	0.0	0.0	2.0	3.0	17.0	51.0	109.0	236.0	361.0	597.0	884.0	1295.0	1742.0	2329.0	3167.0	4395.0	5969.0	7907.0	10369.0	12398.0	13630.0	13105.0	11820.0	10891.0	9974.0	9870.0	9150.0	8866.0	8485.0	8057.0	8075.0	7955.0	7973.0	7890.0	8069.0	7839.0	7977.0	7734.0	7945.0	8087.0	8346.0	8386.0	8604.0	8570.0	8900.0	9041.0	9324.0	9670.0	10059.0	10433.0	10833.0	11811.0	12830.0	14773.0	15994.0	14934.0	12094.0	8914.0	6243.0	4450.0	3218.0	2288.0	1628.0	1105.0	751.0	427.0	211.0	102.0	40.0	17.0	5.0	5.0	1.0	0.0	0.0	0.0	0.0	0.0	0.0	0.0	0.0	0.0	0.0	0.0	0.0	0.0	0.0	0.0	0.0	0.0	0.0	0.0	0.0	0.0	0.0	0.0	0.0	0.0	0.0	0.0	0.0	90	4	5	15
0.0	0.0	0.0	0.0	0.0	0.0	0.0	0.0	0.0	0.0	0.0	0.0	0.0	0.0	0.0	0.0	0.0	0.0	0.0	0.0	0.0	0.0	0.0	0.0	0.0	0.0	0.0	1.0	0.0	0.0	1.0	1.0	9.0	23.0	74.0	105.0	218.0	349.0	580.0	817.0	1144.0	1646.0	2200.0	3003.0	4037.0	5198.0	6940.0	8615.0	9609.0	9913.0	8910.0	8238.0	7767.0	7313.0	7098.0	6682.0	6480.0	6219.0	6027.0	6052.0	5963.0	6192.0	6253.0	6142.0	6101.0	6069.0	6152.0	6225.0	6266.0	6381.0	6400.0	6417.0	6408.0	6593.0	6751.0	7156.0	7307.0	7724.0	8110.0	8600.0	9364.0	10538.0	11555.0	11277.0	9261.0	6836.0	4966.0	3524.0	2502.0	1765.0	1197.0	740.0	486.0	259.0	132.0	57.0	16.0	7.0	2.0	2.0	0.0	0.0	0.0	0.0	0.0	0.0	0.0	0.0	0.0	0.0	0.0	0.0	0.0	0.0	0.0	0.0	0.0	0.0	0.0	0.0	0.0	0.0	0.0	0.0	0.0	0.0	0.0	0.0	0.0	90	4	6	16
0.0	0.0	0.0	0.0	0.0	0.0	0.0	0.0	0.0	0.0	0.0	0.0	0.0	0.0	0.0	0.0	0.0	0.0	0.0	0.0	0.0	0.0	0.0	0.0	0.0	0.0	0.0	0.0	1.0	3.0	10.0	17.0	64.0	108.0	259.0	404.0	619.0	859.0	1271.0	1653.0	2268.0	2852.0	3958.0	5333.0	7043.0	9414.0	11833.0	13248.0	12978.0	11874.0	10579.0	9611.0	9148.0	8869.0	8845.0	8368.0	8166.0	8040.0	7640.0	7827.0	7796.0	7755.0	7868.0	7788.0	7839.0	7723.0	8011.0	7957.0	8190.0	8175.0	8184.0	8584.0	8756.0	9136.0	9504.0	9854.0	10480.0	11002.0	11309.0	11728.0	12820.0	14235.0	15160.0	14206.0	11764.0	8520.0	5636.0	4075.0	2755.0	1927.0	1244.0	774.0	407.0	218.0	90.0	36.0	7.0	4.0	1.0	0.0	0.0	0.0	0.0	0.0	0.0	0.0	0.0	0.0	0.0	0.0	0.0	0.0	0.0	0.0	0.0	0.0	0.0	0.0	0.0	0.0	0.0	0.0	0.0	0.0	0.0	0.0	0.0	0.0	0.0	90	4	7	8
0.0	0.0	0.0	0.0	0.0	0.0	0.0	0.0	0.0	0.0	0.0	0.0	0.0	0.0	0.0	0.0	0.0	0.0	0.0	0.0	0.0	0.0	0.0	0.0	0.0	0.0	0.0	0.0	0.0	0.0	1.0	2.0	10.0	33.0	73.0	141.0	315.0	503.0	803.0	1162.0	1595.0	2158.0	3154.0	4340.0	5981.0	8709.0	11758.0	14640.0	15601.0	15286.0	14084.0	12419.0	11320.0	10450.0	9830.0	9610.0	9070.0	9084.0	8847.0	8760.0	8691.0	8533.0	8313.0	8280.0	8276.0	8118.0	7999.0	8207.0	8269.0	8389.0	8614.0	8683.0	8696.0	8555.0	8877.0	9052.0	9427.0	9652.0	10111.0	10287.0	10849.0	11199.0	12113.0	13282.0	15328.0	16581.0	16510.0	14249.0	11132.0	7960.0	6027.0	4710.0	3505.0	2804.0	2062.0	1653.0	1194.0	876.0	552.0	370.0	203.0	70.0	25.0	10.0	5.0	1.0	0.0	0.0	0.0	0.0	0.0	0.0	0.0	0.0	0.0	0.0	0.0	0.0	0.0	0.0	0.0	0.0	0.0	0.0	0.0	0.0	0.0	0.0	0.0	90	5	0	11
0.0	0.0	0.0	0.0	0.0	0.0	0.0	0.0	0.0	0.0	0.0	0.0	0.0	0.0	0.0	0.0	0.0	0.0	0.0	0.0	0.0	0.0	0.0	0.0	0.0	0.0	0.0	0.0	0.0	1.0	0.0	2.0	4.0	23.0	43.0	129.0	222.0	450.0	743.0	1090.0	1534.0	2193.0	3121.0	4316.0	6016.0	8619.0	11063.0	12809.0	13300.0	12237.0	10885.0	9795.0	9015.0	8691.0	8213.0	8099.0	7691.0	7357.0	7170.0	7048.0	7097.0	7075.0	7055.0	6963.0	6948.0	6900.0	6796.0	6800.0	7039.0	7232.0	7163.0	7275.0	7031.0	7214.0	7295.0	7475.0	7695.0	7860.0	8157.0	8285.0	8833.0	9211.0	10183.0	11172.0	12668.0	13618.0	13553.0	11770.0	9473.0	7141.0	5147.0	3779.0	2894.0	2300.0	1827.0	1355.0	1033.0	743.0	491.0	334.0	170.0	74.0	19.0	9.0	5.0	2.0	0.0	0.0	0.0	0.0	0.0	0.0	0.0	0.0	0.0	0.0	0.0	0.0	0.0	0.0	0.0	0.0	0.0	0.0	0.0	0.0	0.0	0.0	0.0	90	5	1	2
0.0	0.0	0.0	0.0	0.0	0.0	0.0	0.0	0.0	0.0	0.0	0.0	0.0	0.0	0.0	0.0	0.0	0.0	0.0	0.0	0.0	0.0	0.0	0.0	0.0	0.0	0.0	0.0	0.0	0.0	2.0	1.0	6.0	21.0	64.0	124.0	244.0	428.0	727.0	1130.0	1622.0	2278.0	3312.0	4578.0	6335.0	9097.0	12300.0	15507.0	16877.0	16207.0	14804.0	13361.0	11993.0	11670.0	11156.0	10588.0	10268.0	9861.0	9741.0	9665.0	9385.0	9498.0	9492.0	9372.0	9373.0	9150.0	9037.0	8852.0	9179.0	9192.0	9297.0	9067.0	9009.0	9135.0	9462.0	9554.0	9751.0	10187.0	10559.0	10958.0	11598.0	12116.0	13231.0	15236.0	17409.0	18028.0	16800.0	13689.0	10210.0	7412.0	5462.0	4177.0	3044.0	2365.0	1778.0	1358.0	1004.0	710.0	461.0	284.0	152.0	88.0	29.0	4.0	4.0	0.0	0.0	0.0	0.0	0.0	0.0	0.0	0.0	0.0	0.0	0.0	0.0	0.0	0.0	0.0	0.0	0.0	0.0	0.0	0.0	0.0	0.0	0.0	0.0	90	5	2	4
0.0	0.0	0.0	0.0	0.0	0.0	0.0	0.0	0.0	0.0	0.0	0.0	0.0	0.0	0.0	0.0	0.0	0.0	0.0	0.0	0.0	0.0	0.0	0.0	0.0	0.0	0.0	0.0	0.0	0.0	0.0	0.0	12.0	24.0	72.0	149.0	300.0	473.0	823.0	1220.0	1750.0	2443.0	3417.0	4567.0	6429.0	8708.0	11879.0	14768.0	16322.0	15879.0	13878.0	12299.0	11690.0	11147.0	10351.0	10018.0	9558.0	9373.0	9316.0	9096.0	8792.0	8948.0	8996.0	8774.0	8700.0	8454.0	8347.0	8323.0	8597.0	8535.0	8901.0	8592.0	8653.0	8877.0	8828.0	9130.0	9462.0	9809.0	9950.0	10252.0	10701.0	11125.0	12232.0	13505.0	15066.0	15605.0	14558.0	11738.0	9122.0	6712.0	4972.0	3774.0	2827.0	2167.0	1690.0	1243.0	951.0	722.0	496.0	292.0	159.0	68.0	29.0	6.0	4.0	0.0	1.0	0.0	0.0	0.0	0.0	0.0	0.0	0.0	0.0	0.0	0.0	0.0	0.0	0.0	0.0	0.0	0.0	0.0	0.0	0.0	0.0	0.0	0.0	90	5	3	6
0.0	0.0	0.0	0.0	0.0	0.0	0.0	0.0	0.0	0.0	0.0	0.0	0.0	0.0	0.0	0.0	0.0	0.0	0.0	0.0	0.0	0.0	0.0	0.0	0.0	0.0	0.0	0.0	1.0	1.0	4.0	12.0	27.0	70.0	160.0	328.0	587.0	841.0	1272.0	1711.0	2402.0	3214.0	4284.0	6019.0	8212.0	11427.0	14678.0	17111.0	17770.0	16207.0	14107.0	12898.0	11881.0	11545.0	10918.0	10677.0	10300.0	9924.0	9864.0	9585.0	9617.0	9651.0	9575.0	9455.0	9107.0	8933.0	8978.0	9064.0	9197.0	9355.0	9427.0	9375.0	9047.0	9362.0	9479.0	9684.0	10068.0	10309.0	10799.0	10961.0	11228.0	11626.0	12424.0	13526.0	15516.0	16653.0	16429.0	14352.0	11330.0	8414.0	6216.0	4622.0	3495.0	2719.0	2042.0	1609.0	1201.0	958.0	612.0	396.0	222.0	117.0	44.0	11.0	3.0	0.0	0.0	0.0	0.0	0.0	0.0	0.0	0.0	0.0	0.0	0.0	0.0	0.0	0.0	0.0	0.0	0.0	0.0	0.0	0.0	0.0	0.0	0.0	0.0	90	5	4	14
0.0	0.0	0.0	0.0	0.0	0.0	0.0	0.0	0.0	0.0	0.0	0.0	0.0	0.0	0.0	0.0	0.0	0.0	0.0	0.0	0.0	0.0	1.0	0.0	0.0	0.0	0.0	0.0	0.0	0.0	1.0	1.0	6.0	8.0	22.0	51.0	113.0	239.0	432.0	731.0	1192.0	1832.0	2532.0	3753.0	5265.0	7630.0	11163.0	15286.0	18550.0	19420.0	18227.0	15882.0	14127.0	13179.0	12731.0	11884.0	11533.0	11115.0	10757.0	10708.0	10570.0	10545.0	10246.0	10363.0	10144.0	10170.0	9953.0	9795.0	10112.0	10235.0	10373.0	10417.0	10229.0	10169.0	10355.0	10558.0	11288.0	11356.0	11941.0	12515.0	13087.0	13853.0	15185.0	17538.0	20054.0	20937.0	18918.0	14808.0	11267.0	8081.0	5890.0	4411.0	3232.0	2514.0	1870.0	1374.0	981.0	659.0	404.0	233.0	126.0	44.0	26.0	6.0	0.0	1.0	0.0	0.0	0.0	0.0	0.0	0.0	0.0	0.0	0.0	0.0	0.0	0.0	0.0	0.0	0.0	0.0	0.0	0.0	0.0	0.0	0.0	0.0	0.0	90	5	5	10
0.0	0.0	0.0	0.0	0.0	0.0	0.0	0.0	0.0	0.0	0.0	0.0	0.0	0.0	0.0	0.0	0.0	0.0	0.0	0.0	0.0	0.0	0.0	0.0	0.0	0.0	0.0	0.0	0.0	0.0	0.0	3.0	4.0	9.0	20.0	54.0	114.0	214.0	404.0	594.0	1018.0	1493.0	2084.0	3026.0	4168.0	5946.0	8489.0	11732.0	15139.0	17526.0	17225.0	15852.0	13619.0	12153.0	11458.0	10800.0	10209.0	10193.0	9728.0	9583.0	9508.0	9421.0	9239.0	9322.0	9200.0	9131.0	8884.0	8765.0	9194.0	9284.0	9299.0	9398.0	9300.0	9268.0	9296.0	9339.0	9522.0	9813.0	10403.0	10601.0	11218.0	11685.0	12547.0	13691.0	15466.0	16821.0	17099.0	15797.0	12584.0	9437.0	6798.0	4802.0	3701.0	2898.0	2227.0	1660.0	1176.0	912.0	646.0	419.0	226.0	102.0	39.0	13.0	3.0	0.0	0.0	0.0	0.0	0.0	0.0	0.0	0.0	0.0	0.0	0.0	0.0	0.0	0.0	0.0	0.0	0.0	0.0	0.0	0.0	0.0	0.0	0.0	0.0	90	5	6	12
0.0	0.0	0.0	0.0	0.0	0.0	0.0	0.0	0.0	0.0	0.0	0.0	0.0	0.0	0.0	0.0	0.0	0.0	0.0	0.0	0.0	0.0	0.0	0.0	0.0	0.0	0.0	0.0	0.0	0.0	1.0	2.0	11.0	36.0	101.0	201.0	316.0	616.0	880.0	1335.0	1828.0	2482.0	3540.0	4943.0	6759.0	9602.0	12856.0	16153.0	17512.0	16757.0	14797.0	13079.0	12048.0	11239.0	10899.0	10331.0	10086.0	9520.0	9518.0	9268.0	9039.0	9013.0	9141.0	9150.0	8899.0	8580.0	8918.0	8820.0	8882.0	9282.0	9042.0	9290.0	9265.0	9291.0	9282.0	9471.0	10016.0	10547.0	10581.0	11104.0	11680.0	12658.0	13670.0	16006.0	17616.0	17742.0	15512.0	12190.0	8851.0	6307.0	4695.0	3582.0	2550.0	2048.0	1523.0	1186.0	782.0	480.0	292.0	154.0	71.0	28.0	15.0	2.0	0.0	0.0	0.0	0.0	0.0	0.0	0.0	0.0	0.0	0.0	0.0	0.0	0.0	0.0	0.0	0.0	0.0	0.0	0.0	0.0	0.0	0.0	0.0	0.0	0.0	90	5	7	13
0.0	0.0	0.0	0.0	0.0	0.0	0.0	0.0	0.0	0.0	0.0	0.0	0.0	0.0	0.0	0.0	0.0	0.0	0.0	0.0	0.0	0.0	0.0	0.0	0.0	0.0	0.0	0.0	2.0	0.0	9.0	19.0	61.0	128.0	232.0	445.0	791.0	1167.0	1682.0	2188.0	2890.0	3892.0	4825.0	6214.0	8375.0	10991.0	14266.0	17371.0	18616.0	17789.0	15606.0	14148.0	13054.0	12292.0	12134.0	11731.0	11339.0	11272.0	11165.0	11080.0	10899.0	10854.0	10859.0	10567.0	10541.0	10521.0	10608.0	10949.0	11145.0	11386.0	11135.0	11369.0	11356.0	11835.0	12164.0	12540.0	13228.0	14049.0	14947.0	16207.0	18255.0	19919.0	20265.0	18093.0	14773.0	11092.0	8029.0	5748.0	4246.0	3138.0	2384.0	1650.0	1130.0	708.0	403.0	226.0	76.0	32.0	8.0	3.0	0.0	0.0	0.0	0.0	1.0	0.0	0.0	0.0	0.0	0.0	0.0	0.0	0.0	0.0	0.0	0.0	0.0	0.0	0.0	0.0	0.0	0.0	0.0	0.0	0.0	0.0	0.0	0.0	0.0	90	6	0	113
0.0	0.0	0.0	0.0	0.0	0.0	0.0	0.0	0.0	0.0	0.0	0.0	0.0	0.0	0.0	0.0	0.0	0.0	0.0	0.0	0.0	0.0	0.0	0.0	0.0	0.0	0.0	0.0	1.0	1.0	5.0	12.0	35.0	117.0	247.0	483.0	855.0	1281.0	1961.0	2890.0	4018.0	5277.0	6934.0	9141.0	12057.0	15623.0	18877.0	19888.0	18481.0	16031.0	14321.0	13039.0	12419.0	11989.0	11283.0	11165.0	10816.0	10860.0	10715.0	10771.0	10835.0	10761.0	10487.0	10423.0	10360.0	10601.0	10924.0	10920.0	11096.0	10961.0	11201.0	11609.0	11952.0	12427.0	13150.0	13988.0	15306.0	16896.0	19231.0	20922.0	20331.0	17534.0	13792.0	9874.0	7431.0	5521.0	4012.0	2955.0	2114.0	1519.0	1020.0	654.0	335.0	190.0	94.0	57.0	15.0	11.0	4.0	2.0	0.0	0.0	0.0	0.0	0.0	0.0	0.0	0.0	0.0	0.0	0.0	0.0	0.0	0.0	0.0	0.0	0.0	0.0	0.0	0.0	0.0	0.0	0.0	0.0	0.0	0.0	0.0	0.0	0.0	90	6	1	69
0.0	0.0	0.0	0.0	0.0	0.0	0.0	0.0	0.0	0.0	0.0	0.0	0.0	0.0	0.0	0.0	0.0	0.0	0.0	0.0	0.0	0.0	0.0	0.0	0.0	0.0	0.0	1.0	0.0	2.0	6.0	32.0	68.0	145.0	291.0	560.0	992.0	1475.0	2274.0	3101.0	4174.0	5359.0	6953.0	9225.0	12110.0	16285.0	19919.0	21531.0	20285.0	18078.0	16447.0	15105.0	14506.0	14030.0	13652.0	13172.0	12773.0	12605.0	12455.0	12548.0	12426.0	12356.0	12093.0	11944.0	11831.0	12014.0	12357.0	12501.0	12478.0	12772.0	12537.0	12783.0	13369.0	13515.0	14341.0	15320.0	15896.0	17623.0	19748.0	22004.0	23167.0	22167.0	18463.0	14064.0	10440.0	7416.0	5480.0	4069.0	2908.0	2144.0	1445.0	935.0	614.0	351.0	172.0	86.0	40.0	21.0	8.0	2.0	0.0	0.0	1.0	0.0	0.0	0.0	0.0	0.0	0.0	0.0	0.0	0.0	0.0	0.0	0.0	0.0	0.0	0.0	0.0	0.0	0.0	0.0	0.0	0.0	0.0	0.0	0.0	0.0	0.0	90	6	2	66
0.0	0.0	0.0	0.0	0.0	0.0	0.0	0.0	0.0	0.0	0.0	0.0	0.0	0.0	0.0	0.0	0.0	0.0	0.0	0.0	0.0	0.0	0.0	0.0	1.0	0.0	0.0	2.0	1.0	2.0	5.0	13.0	30.0	63.0	148.0	336.0	597.0	1050.0	1656.0	2376.0	3376.0	4581.0	6114.0	8247.0	11393.0	15433.0	19035.0	21058.0	20296.0	17914.0	15679.0	14461.0	13736.0	13098.0	12490.0	12373.0	12108.0	11926.0	11652.0	11592.0	11598.0	11846.0	11618.0	11633.0	11444.0	11293.0	11509.0	11989.0	11957.0	12019.0	12041.0	12160.0	12505.0	12915.0	13404.0	14033.0	14622.0	15452.0	16783.0	18556.0	20881.0	22792.0	21829.0	18679.0	14120.0	10228.0	7076.0	5224.0	3815.0	2857.0	2119.0	1553.0	1124.0	747.0	443.0	246.0	121.0	54.0	14.0	3.0	1.0	0.0	1.0	0.0	0.0	0.0	0.0	0.0	0.0	0.0	0.0	0.0	0.0	0.0	0.0	0.0	0.0	0.0	0.0	0.0	0.0	0.0	0.0	0.0	0.0	0.0	0.0	0.0	0.0	90	6	3	67
0.0	0.0	0.0	0.0	0.0	0.0	0.0	0.0	0.0	0.0	0.0	0.0	0.0	0.0	0.0	0.0	0.0	0.0	0.0	0.0	0.0	0.0	0.0	0.0	0.0	0.0	0.0	0.0	0.0	2.0	9.0	19.0	49.0	126.0	242.0	501.0	807.0	1345.0	1938.0	2678.0	3624.0	4877.0	6386.0	8499.0	11450.0	14467.0	16192.0	15947.0	14281.0	12498.0	11287.0	10179.0	10005.0	9567.0	9159.0	9150.0	8805.0	8756.0	8688.0	8546.0	8710.0	8670.0	8519.0	8430.0	8773.0	8554.0	8704.0	8911.0	9017.0	9185.0	8977.0	9149.0	9427.0	9626.0	10313.0	10687.0	11350.0	12118.0	13639.0	15451.0	16984.0	17318.0	15148.0	11937.0	8590.0	6112.0	4335.0	3147.0	2303.0	1649.0	1118.0	732.0	484.0	266.0	142.0	84.0	25.0	9.0	4.0	1.0	1.0	0.0	0.0	0.0	0.0	0.0	0.0	0.0	0.0	0.0	0.0	0.0	0.0	0.0	0.0	0.0	0.0	0.0	0.0	0.0	0.0	0.0	0.0	0.0	0.0	0.0	0.0	0.0	0.0	90	6	4	64
0.0	0.0	0.0	0.0	0.0	0.0	0.0	0.0	0.0	0.0	0.0	0.0	0.0	0.0	0.0	0.0	0.0	0.0	0.0	0.0	0.0	0.0	0.0	0.0	0.0	0.0	0.0	0.0	1.0	6.0	30.0	94.0	184.0	407.0	676.0	1075.0	1542.0	2118.0	2959.0	3604.0	4810.0	6332.0	8160.0	10507.0	14370.0	17785.0	19927.0	19560.0	17697.0	15401.0	14315.0	13079.0	12579.0	12485.0	12186.0	11891.0	11573.0	11302.0	11511.0	11355.0	11450.0	11201.0	10914.0	10926.0	10626.0	11106.0	11127.0	11442.0	11471.0	11686.0	11867.0	12051.0	12321.0	12765.0	13085.0	13753.0	14614.0	15742.0	16805.0	19040.0	21440.0	22117.0	19832.0	16089.0	11725.0	8408.0	6023.0	4410.0	3218.0	2379.0	1625.0	1060.0	653.0	363.0	181.0	70.0	38.0	21.0	1.0	1.0	0.0	1.0	0.0	0.0	0.0	0.0	0.0	0.0	0.0	0.0	0.0	0.0	0.0	0.0	0.0	0.0	0.0	0.0	0.0	0.0	0.0	0.0	0.0	0.0	0.0	0.0	0.0	0.0	0.0	90	6	5	65
0.0	0.0	0.0	0.0	0.0	0.0	0.0	0.0	0.0	0.0	0.0	0.0	0.0	0.0	0.0	0.0	0.0	0.0	0.0	0.0	0.0	0.0	0.0	0.0	0.0	0.0	1.0	0.0	0.0	3.0	6.0	27.0	73.0	194.0	358.0	656.0	1027.0	1507.0	2086.0	2846.0	3832.0	4645.0	6056.0	7965.0	10638.0	14056.0	17280.0	18423.0	17204.0	15251.0	13879.0	12599.0	12080.0	11536.0	11300.0	10766.0	10488.0	10264.0	10155.0	10231.0	10175.0	10027.0	9924.0	9891.0	10089.0	10232.0	10340.0	10328.0	10726.0	10395.0	10740.0	10875.0	11141.0	11674.0	12150.0	12761.0	13444.0	14842.0	16538.0	18819.0	20184.0	19344.0	16185.0	12320.0	8775.0	6210.0	4506.0	3263.0	2365.0	1653.0	1026.0	644.0	365.0	192.0	83.0	35.0	16.0	3.0	2.0	2.0	0.0	0.0	1.0	0.0	0.0	0.0	0.0	0.0	0.0	0.0	0.0	0.0	0.0	0.0	0.0	0.0	0.0	0.0	0.0	0.0	0.0	0.0	0.0	0.0	0.0	0.0	0.0	0.0	0.0	90	6	6	112
0.0	0.0	0.0	0.0	0.0	0.0	0.0	0.0	0.0	0.0	0.0	0.0	0.0	0.0	0.0	0.0	0.0	0.0	0.0	0.0	0.0	0.0	0.0	0.0	0.0	0.0	1.0	0.0	2.0	3.0	6.0	24.0	61.0	157.0	275.0	493.0	804.0	1234.0	1678.0	2403.0	3201.0	4186.0	5472.0	7097.0	9362.0	12468.0	16077.0	19115.0	20201.0	18325.0	15925.0	14376.0	13236.0	12519.0	12168.0	11550.0	11353.0	11131.0	11016.0	10954.0	11080.0	11177.0	11205.0	11031.0	10863.0	10686.0	11139.0	11314.0	11357.0	11579.0	11410.0	11553.0	11715.0	12276.0	12659.0	13243.0	13903.0	14555.0	15761.0	17931.0	20266.0	21638.0	20340.0	16903.0	12994.0	9143.0	6571.0	4881.0	3606.0	2713.0	1803.0	1237.0	702.0	406.0	242.0	101.0	38.0	9.0	3.0	4.0	0.0	0.0	1.0	0.0	0.0	0.0	0.0	0.0	0.0	0.0	0.0	0.0	0.0	0.0	0.0	0.0	0.0	0.0	0.0	0.0	0.0	0.0	0.0	0.0	0.0	0.0	0.0	0.0	0.0	90	6	7	114
0.0	0.0	0.0	0.0	0.0	0.0	0.0	0.0	0.0	0.0	0.0	0.0	0.0	0.0	0.0	0.0	0.0	0.0	0.0	0.0	0.0	0.0	0.0	0.0	0.0	0.0	0.0	0.0	5.0	14.0	27.0	71.0	146.0	338.0	443.0	740.0	992.0	1261.0	1670.0	2150.0	2796.0	3455.0	4608.0	5854.0	7413.0	9721.0	12034.0	14250.0	15046.0	14214.0	12592.0	11614.0	10876.0	10591.0	10413.0	10113.0	9901.0	9779.0	9774.0	10003.0	10305.0	10272.0	10025.0	9893.0	9604.0	9639.0	9732.0	9556.0	9376.0	9074.0	8966.0	9042.0	9277.0	9842.0	10216.0	10724.0	11109.0	11690.0	12656.0	13852.0	15890.0	17233.0	16295.0	13108.0	9661.0	7149.0	5437.0	3924.0	3057.0	2590.0	1855.0	1427.0	1010.0	734.0	489.0	279.0	132.0	69.0	43.0	21.0	8.0	7.0	0.0	0.0	1.0	0.0	0.0	0.0	0.0	0.0	0.0	0.0	0.0	0.0	0.0	0.0	0.0	0.0	0.0	0.0	0.0	0.0	0.0	0.0	0.0	0.0	0.0	0.0	0.0	90	7	0	108
0.0	0.0	0.0	0.0	0.0	0.0	0.0	0.0	0.0	0.0	0.0	0.0	0.0	0.0	0.0	0.0	0.0	0.0	0.0	0.0	0.0	0.0	0.0	0.0	0.0	0.0	0.0	3.0	5.0	30.0	86.0	228.0	412.0	668.0	1036.0	1440.0	1869.0	2386.0	3055.0	3876.0	4876.0	6070.0	8032.0	10191.0	12706.0	14317.0	14805.0	13962.0	12589.0	11325.0	10511.0	10545.0	10114.0	9906.0	9715.0	9562.0	9426.0	9594.0	9665.0	9685.0	9570.0	9366.0	9316.0	8991.0	9167.0	9245.0	9117.0	9067.0	8910.0	8818.0	8514.0	8577.0	8837.0	9124.0	9841.0	10333.0	10913.0	11670.0	12314.0	13509.0	14960.0	15696.0	14855.0	12250.0	9146.0	6931.0	5407.0	4192.0	3349.0	2759.0	2188.0	1688.0	1324.0	946.0	727.0	481.0	360.0	180.0	101.0	70.0	24.0	14.0	5.0	3.0	1.0	1.0	0.0	0.0	0.0	0.0	0.0	0.0	0.0	0.0	0.0	0.0	0.0	0.0	0.0	0.0	0.0	0.0	0.0	0.0	0.0	0.0	0.0	0.0	0.0	90	7	1	101
0.0	0.0	0.0	0.0	0.0	0.0	0.0	0.0	0.0	0.0	0.0	0.0	0.0	0.0	0.0	0.0	0.0	0.0	0.0	0.0	0.0	0.0	0.0	0.0	0.0	0.0	0.0	3.0	9.0	30.0	68.0	177.0	321.0	587.0	893.0	1327.0	1733.0	2369.0	3077.0	3965.0	4872.0	6155.0	8066.0	10046.0	13006.0	15375.0	17357.0	16975.0	15655.0	13708.0	12874.0	12133.0	11808.0	11411.0	11016.0	11003.0	10832.0	10842.0	11348.0	11539.0	11505.0	11237.0	10805.0	10882.0	10788.0	10898.0	10885.0	10899.0	10804.0	10356.0	10000.0	10250.0	10830.0	11184.0	11757.0	12260.0	12781.0	13364.0	14418.0	16053.0	17929.0	18542.0	16925.0	13185.0	9788.0	7548.0	5556.0	4486.0	3521.0	2879.0	2247.0	1841.0	1511.0	1089.0	919.0	608.0	397.0	199.0	131.0	50.0	24.0	17.0	13.0	2.0	1.0	1.0	0.0	0.0	0.0	0.0	0.0	0.0	0.0	0.0	0.0	0.0	0.0	0.0	0.0	0.0	0.0	0.0	0.0	0.0	0.0	0.0	0.0	0.0	0.0	90	7	2	102
0.0	0.0	0.0	0.0	0.0	0.0	0.0	0.0	0.0	0.0	0.0	0.0	0.0	0.0	0.0	0.0	0.0	0.0	0.0	0.0	0.0	0.0	0.0	0.0	0.0	0.0	0.0	0.0	0.0	2.0	3.0	14.0	32.0	79.0	162.0	267.0	531.0	795.0	1186.0	1672.0	2257.0	2936.0	3823.0	4923.0	6591.0	8412.0	10822.0	14069.0	16763.0	18176.0	17789.0	16153.0	14760.0	13674.0	13043.0	12915.0	12633.0	12195.0	12296.0	12442.0	12564.0	12981.0	12879.0	12413.0	12413.0	12379.0	12250.0	12470.0	12355.0	12190.0	11469.0	11446.0	11404.0	11864.0	12269.0	13001.0	13910.0	14433.0	15379.0	17056.0	19469.0	21360.0	20378.0	16577.0	12051.0	8751.0	6440.0	4944.0	3846.0	3102.0	2387.0	1900.0	1472.0	1031.0	777.0	497.0	345.0	174.0	98.0	37.0	18.0	9.0	5.0	1.0	0.0	0.0	1.0	0.0	0.0	0.0	0.0	0.0	0.0	0.0	0.0	0.0	0.0	0.0	0.0	0.0	0.0	0.0	0.0	0.0	0.0	0.0	0.0	0.0	0.0	90	7	3	103
0.0	0.0	0.0	0.0	0.0	0.0	0.0	0.0	0.0	0.0	0.0	0.0	0.0	0.0	0.0	0.0	0.0	0.0	0.0	0.0	0.0	0.0	0.0	0.0	0.0	0.0	0.0	0.0	0.0	0.0	6.0	10.0	31.0	61.0	108.0	230.0	359.0	622.0	987.0	1323.0	1835.0	2465.0	3254.0	4316.0	5487.0	7333.0	9358.0	11819.0	14931.0	16911.0	16890.0	15542.0	14268.0	13142.0	12646.0	12417.0	12080.0	11926.0	11846.0	11591.0	11730.0	12183.0	12255.0	11973.0	11559.0	11574.0	11571.0	11424.0	11522.0	11297.0	11126.0	10929.0	11045.0	11467.0	12033.0	12592.0	12858.0	13573.0	14374.0	15705.0	17465.0	18990.0	18160.0	15040.0	11482.0	8302.0	6194.0	4611.0	3553.0	2738.0	2071.0	1627.0	1187.0	798.0	561.0	326.0	168.0	81.0	45.0	19.0	4.0	6.0	1.0	0.0	1.0	0.0	0.0	0.0	0.0	0.0	0.0	0.0	0.0	0.0	0.0	0.0	0.0	0.0	0.0	0.0	0.0	0.0	0.0	0.0	0.0	0.0	0.0	0.0	0.0	90	7	4	104
0.0	0.0	0.0	0.0	0.0	0.0	0.0	0.0	0.0	0.0	0.0	0.0	0.0	0.0	0.0	0.0	0.0	0.0	0.0	0.0	0.0	0.0	0.0	0.0	0.0	0.0	0.0	2.0	2.0	2.0	11.0	24.0	51.0	113.0	199.0	349.0	652.0	974.0	1366.0	1916.0	2567.0	3211.0	4270.0	5446.0	7152.0	9094.0	11446.0	14703.0	17656.0	18735.0	17768.0	15846.0	14428.0	13820.0	13031.0	12849.0	12550.0	12414.0	12143.0	12354.0	12826.0	12953.0	13292.0	12670.0	12476.0	12243.0	12339.0	12354.0	12059.0	11732.0	11458.0	11268.0	11639.0	12347.0	12849.0	13389.0	14077.0	14779.0	15946.0	17780.0	20227.0	21580.0	19733.0	15600.0	11207.0	8359.0	6172.0	4538.0	3591.0	2716.0	1962.0	1481.0	986.0	695.0	399.0	232.0	132.0	63.0	25.0	15.0	8.0	4.0	0.0	1.0	0.0	0.0	0.0	0.0	0.0	0.0	0.0	0.0	0.0	0.0	0.0	0.0	0.0	0.0	0.0	0.0	0.0	0.0	0.0	0.0	0.0	0.0	0.0	0.0	0.0	90	7	5	105
0.0	0.0	0.0	0.0	0.0	0.0	0.0	0.0	0.0	0.0	0.0	0.0	0.0	0.0	0.0	0.0	0.0	0.0	0.0	0.0	0.0	0.0	0.0	0.0	0.0	0.0	1.0	2.0	11.0	16.0	56.0	153.0	264.0	505.0	779.0	1111.0	1531.0	1847.0	2512.0	3127.0	4006.0	4958.0	6306.0	8084.0	10503.0	13464.0	16035.0	16398.0	16208.0	14498.0	13094.0	12374.0	11839.0	11572.0	11231.0	10950.0	10764.0	10963.0	10959.0	11023.0	11480.0	11447.0	10842.0	10860.0	10839.0	10642.0	10760.0	10634.0	10575.0	10257.0	9766.0	9982.0	10105.0	10358.0	10908.0	11543.0	11754.0	12209.0	12912.0	13697.0	15123.0	17019.0	18495.0	17094.0	14187.0	10530.0	7771.0	5789.0	4597.0	3602.0	2832.0	2231.0	1694.0	1338.0	943.0	583.0	349.0	189.0	96.0	39.0	18.0	10.0	8.0	2.0	0.0	0.0	0.0	0.0	0.0	0.0	0.0	0.0	0.0	0.0	0.0	0.0	0.0	0.0	0.0	0.0	0.0	0.0	0.0	0.0	0.0	0.0	0.0	0.0	0.0	90	7	6	106
0.0	0.0	0.0	0.0	0.0	0.0	0.0	0.0	0.0	0.0	0.0	0.0	0.0	0.0	0.0	0.0	0.0	0.0	0.0	0.0	0.0	0.0	0.0	0.0	0.0	0.0	2.0	2.0	13.0	22.0	63.0	155.0	318.0	492.0	794.0	987.0	1397.0	1716.0	2195.0	2668.0	3342.0	4174.0	5347.0	6712.0	8506.0	10903.0	12968.0	14387.0	14112.0	13047.0	11819.0	11039.0	10476.0	10292.0	9986.0	9691.0	9354.0	9311.0	9407.0	9615.0	9976.0	9812.0	9639.0	9159.0	9490.0	9420.0	9359.0	9533.0	9313.0	8900.0	8696.0	8906.0	9180.0	9454.0	10131.0	10451.0	10719.0	11458.0	12022.0	12811.0	14647.0	16178.0	16596.0	14737.0	11484.0	8308.0	6199.0	4888.0	3705.0	3014.0	2328.0	1981.0	1418.0	1007.0	729.0	394.0	259.0	124.0	64.0	34.0	12.0	9.0	6.0	1.0	1.0	0.0	0.0	0.0	0.0	0.0	0.0	0.0	0.0	0.0	0.0	0.0	0.0	0.0	0.0	0.0	0.0	0.0	0.0	0.0	0.0	0.0	0.0	0.0	0.0	90	7	7	107
0.0	0.0	0.0	0.0	0.0	0.0	0.0	0.0	0.0	0.0	0.0	0.0	0.0	0.0	0.0	0.0	0.0	0.0	0.0	0.0	0.0	0.0	0.0	0.0	0.0	0.0	1.0	0.0	0.0	3.0	7.0	21.0	48.0	139.0	243.0	418.0	640.0	940.0	1272.0	1691.0	2378.0	3065.0	4249.0	5734.0	7888.0	10835.0	13965.0	15967.0	16211.0	14386.0	12350.0	11300.0	10693.0	10159.0	9758.0	9371.0	9129.0	8893.0	8807.0	8529.0	8392.0	8509.0	8265.0	8051.0	7926.0	7976.0	8093.0	8237.0	8443.0	8533.0	8371.0	8508.0	8647.0	8816.0	9086.0	9331.0	9766.0	10530.0	11246.0	12082.0	13757.0	15718.0	16396.0	15237.0	11808.0	8519.0	6105.0	4517.0	3303.0	2396.0	1738.0	1166.0	840.0	516.0	285.0	158.0	67.0	28.0	9.0	0.0	1.0	2.0	0.0	1.0	0.0	0.0	0.0	0.0	0.0	0.0	0.0	0.0	0.0	0.0	0.0	0.0	0.0	0.0	0.0	0.0	0.0	0.0	0.0	0.0	0.0	0.0	0.0	0.0	0.0	90	8	0	165
0.0	0.0	0.0	0.0	0.0	0.0	0.0	0.0	0.0	0.0	0.0	0.0	0.0	0.0	0.0	0.0	0.0	0.0	0.0	0.0	0.0	0.0	0.0	0.0	0.0	0.0	0.0	0.0	2.0	2.0	12.0	59.0	122.0	275.0	436.0	790.0	1072.0	1524.0	2025.0	2720.0	3606.0	4736.0	6131.0	8138.0	10617.0	12818.0	14049.0	13390.0	12339.0	10833.0	10296.0	9701.0	9325.0	9140.0	8930.0	8710.0	8271.0	8010.0	7920.0	7930.0	7923.0	7975.0	7709.0	7631.0	7645.0	7523.0	7685.0	7765.0	7822.0	7779.0	7821.0	7656.0	7804.0	8067.0	8402.0	8723.0	9075.0	9485.0	9875.0	10530.0	11163.0	12573.0	13935.0	14067.0	12353.0	9463.0	7010.0	5060.0	3613.0	2674.0	1911.0	1268.0	904.0	499.0	306.0	156.0	50.0	14.0	9.0	4.0	0.0	1.0	0.0	0.0	0.0	0.0	0.0	0.0	0.0	0.0	0.0	0.0	0.0	0.0	0.0	0.0	0.0	0.0	0.0	0.0	0.0	0.0	0.0	0.0	0.0	0.0	0.0	0.0	0.0	90	8	1	172
0.0	0.0	0.0	0.0	0.0	0.0	0.0	0.0	0.0	0.0	0.0	0.0	0.0	0.0	0.0	0.0	0.0	0.0	0.0	0.0	0.0	0.0	0.0	0.0	0.0	0.0	0.0	1.0	0.0	1.0	13.0	33.0	96.0	204.0	379.0	585.0	869.0	1225.0	1650.0	2372.0	3088.0	4102.0	5208.0	7294.0	9508.0	12569.0	15085.0	15834.0	14884.0	12874.0	11439.0	10703.0	10321.0	10089.0	9912.0	9461.0	9353.0	9022.0	8833.0	8799.0	8829.0	8942.0	8733.0	8487.0	8201.0	8185.0	8161.0	8237.0	8411.0	8364.0	8203.0	8613.0	8971.0	9193.0	9809.0	10100.0	10576.0	11353.0	11572.0	12698.0	14080.0	16142.0	16417.0	14321.0	10875.0	7980.0	5562.0	4164.0	3096.0	2176.0	1567.0	1053.0	717.0	417.0	202.0	113.0	40.0	12.0	5.0	2.0	1.0	0.0	0.0	0.0	0.0	0.0	0.0	0.0	0.0	0.0	0.0	0.0	0.0	0.0	0.0	0.0	0.0	0.0	0.0	0.0	0.0	0.0	0.0	0.0	0.0	0.0	0.0	0.0	0.0	90	8	2	171
0.0	0.0	0.0	0.0	0.0	0.0	0.0	0.0	0.0	0.0	0.0	0.0	0.0	0.0	0.0	0.0	0.0	0.0	0.0	0.0	0.0	0.0	0.0	0.0	0.0	1.0	0.0	1.0	1.0	2.0	10.0	21.0	81.0	171.0	308.0	532.0	767.0	1053.0	1512.0	1982.0	2664.0	3485.0	4607.0	6022.0	8259.0	10665.0	13149.0	14320.0	13451.0	12049.0	10586.0	9738.0	9202.0	8950.0	8648.0	8195.0	7791.0	7718.0	7533.0	7577.0	7531.0	7586.0	7470.0	7433.0	7289.0	7294.0	7445.0	7482.0	7555.0	7615.0	7485.0	7676.0	7809.0	8051.0	8373.0	8868.0	9122.0	9730.0	10196.0	11187.0	12999.0	14336.0	14651.0	12529.0	9595.0	6748.0	4923.0	3573.0	2492.0	1788.0	1202.0	747.0	449.0	234.0	104.0	43.0	23.0	1.0	5.0	0.0	1.0	1.0	0.0	0.0	0.0	0.0	0.0	0.0	0.0	0.0	0.0	0.0	0.0	0.0	0.0	0.0	0.0	0.0	0.0	0.0	0.0	0.0	0.0	0.0	0.0	0.0	0.0	0.0	0.0	90	8	3	170
0.0	0.0	0.0	0.0	0.0	0.0	0.0	0.0	0.0	0.0	0.0	0.0	0.0	0.0	0.0	0.0	0.0	0.0	0.0	0.0	0.0	0.0	0.0	0.0	0.0	0.0	0.0	3.0	2.0	2.0	7.0	15.0	55.0	107.0	236.0	392.0	618.0	952.0	1407.0	1868.0	2463.0	3334.0	4602.0	6121.0	8358.0	11151.0	14376.0	16017.0	16162.0	14712.0	13185.0	12068.0	11364.0	10835.0	10337.0	10333.0	10010.0	9640.0	9312.0	9225.0	9202.0	8937.0	9230.0	9060.0	8789.0	8874.0	9120.0	9196.0	9117.0	9296.0	9180.0	9193.0	9175.0	9510.0	9658.0	9826.0	10477.0	10764.0	11233.0	11611.0	12539.0	13942.0	15963.0	17152.0	16391.0	12847.0	9441.0	6718.0	4887.0	3467.0	2510.0	1738.0	1161.0	744.0	395.0	192.0	106.0	35.0	8.0	3.0	1.0	1.0	0.0	0.0	0.0	0.0	0.0	0.0	0.0	0.0	0.0	0.0	0.0	0.0	0.0	0.0	0.0	0.0	0.0	0.0	0.0	0.0	0.0	0.0	0.0	0.0	0.0	0.0	0.0	90	8	4	169
0.0	0.0	0.0	0.0	0.0	0.0	0.0	0.0	0.0	0.0	0.0	0.0	0.0	0.0	0.0	0.0	0.0	0.0	0.0	0.0	0.0	0.0	0.0	0.0	1.0	0.0	0.0	0.0	0.0	4.0	5.0	17.0	51.0	91.0	224.0	373.0	635.0	990.0	1339.0	1976.0	2539.0	3507.0	4744.0	6213.0	8289.0	11677.0	14912.0	17446.0	18268.0	16864.0	14814.0	13447.0	12593.0	12020.0	11563.0	10932.0	10625.0	10296.0	10143.0	9889.0	9693.0	9608.0	9620.0	9529.0	9202.0	9344.0	9189.0	9476.0	9656.0	9955.0	9916.0	9952.0	9961.0	10208.0	10154.0	10622.0	11111.0	11283.0	11574.0	12392.0	13709.0	15814.0	17493.0	17447.0	14879.0	11184.0	8057.0	5747.0	4264.0	3101.0	2332.0	1724.0	1135.0	830.0	511.0	293.0	150.0	84.0	41.0	16.0	2.0	1.0	0.0	0.0	0.0	0.0	0.0	0.0	0.0	0.0	0.0	0.0	0.0	0.0	0.0	0.0	0.0	0.0	0.0	0.0	0.0	0.0	0.0	0.0	0.0	0.0	0.0	0.0	0.0	90	8	5	168
0.0	0.0	0.0	0.0	0.0	0.0	0.0	0.0	0.0	0.0	0.0	0.0	0.0	0.0	0.0	0.0	0.0	0.0	0.0	0.0	0.0	0.0	0.0	0.0	0.0	0.0	1.0	0.0	0.0	2.0	1.0	7.0	35.0	70.0	154.0	274.0	496.0	811.0	1226.0	1697.0	2378.0	3219.0	4357.0	5860.0	7824.0	10657.0	14307.0	17839.0	19498.0	18738.0	16621.0	14789.0	13519.0	12817.0	12310.0	11815.0	11211.0	11040.0	10769.0	10391.0	10469.0	10386.0	10160.0	10195.0	9856.0	10312.0	10220.0	10410.0	10742.0	10719.0	10713.0	10489.0	10619.0	10902.0	10950.0	11516.0	12135.0	12865.0	13264.0	14311.0	16554.0	18954.0	19949.0	17712.0	13257.0	9576.0	6703.0	4664.0	3374.0	2429.0	1620.0	1148.0	674.0	373.0	232.0	90.0	57.0	22.0	5.0	7.0	0.0	1.0	1.0	0.0	0.0	0.0	0.0	0.0	0.0	0.0	0.0	0.0	0.0	0.0	0.0	0.0	0.0	0.0	0.0	0.0	0.0	0.0	0.0	0.0	0.0	0.0	0.0	0.0	0.0	90	8	6	167
0.0	0.0	0.0	0.0	0.0	0.0	0.0	0.0	0.0	0.0	0.0	0.0	0.0	0.0	0.0	0.0	0.0	0.0	0.0	0.0	0.0	0.0	0.0	0.0	0.0	0.0	0.0	0.0	2.0	5.0	10.0	17.0	69.0	155.0	280.0	465.0	813.0	1137.0	1488.0	2006.0	2585.0	3460.0	4660.0	6186.0	8765.0	12058.0	15420.0	17139.0	16375.0	14776.0	13117.0	11891.0	11159.0	10612.0	10124.0	9868.0	9558.0	9208.0	9027.0	8842.0	8829.0	8725.0	8621.0	8655.0	8394.0	8430.0	8596.0	8460.0	8815.0	8769.0	8882.0	8944.0	8946.0	9183.0	9316.0	9734.0	10093.0	10711.0	11251.0	11737.0	12891.0	15217.0	16816.0	16469.0	13725.0	10089.0	7230.0	5370.0	3858.0	2915.0	2033.0	1466.0	1058.0	637.0	358.0	194.0	100.0	36.0	12.0	2.0	0.0	0.0	0.0	1.0	0.0	0.0	0.0	0.0	0.0	0.0	0.0	0.0	0.0	0.0	0.0	0.0	0.0	0.0	0.0	0.0	0.0	0.0	0.0	0.0	0.0	0.0	0.0	0.0	0.0	90	8	7	166
0.0	0.0	0.0	0.0	0.0	0.0	0.0	0.0	0.0	0.0	0.0	0.0	0.0	0.0	0.0	0.0	0.0	0.0	0.0	0.0	0.0	0.0	0.0	0.0	0.0	0.0	0.0	0.0	0.0	1.0	0.0	3.0	9.0	34.0	114.0	266.0	464.0	824.0	1151.0	1590.0	2301.0	3173.0	4363.0	6057.0	8697.0	12042.0	15366.0	17313.0	17967.0	16322.0	14842.0	13669.0	12630.0	12133.0	11867.0	11268.0	10884.0	10519.0	10205.0	10143.0	10178.0	10305.0	9906.0	9702.0	9489.0	9489.0	9856.0	9619.0	9939.0	9829.0	9737.0	9911.0	9852.0	9871.0	10368.0	10691.0	10977.0	11240.0	11594.0	12340.0	13459.0	14690.0	16607.0	16944.0	15025.0	11603.0	8546.0	6161.0	4604.0	3615.0	2669.0	1906.0	1351.0	890.0	542.0	298.0	110.0	44.0	23.0	5.0	4.0	1.0	0.0	0.0	0.0	0.0	0.0	0.0	0.0	0.0	0.0	0.0	0.0	0.0	0.0	0.0	0.0	0.0	0.0	0.0	0.0	0.0	0.0	0.0	0.0	0.0	0.0	0.0	0.0	90	9	0	133
0.0	0.0	0.0	0.0	0.0	0.0	0.0	0.0	0.0	0.0	0.0	0.0	0.0	0.0	0.0	0.0	0.0	0.0	0.0	0.0	0.0	0.0	0.0	0.0	0.0	0.0	0.0	1.0	0.0	2.0	3.0	7.0	23.0	38.0	73.0	175.0	228.0	377.0	439.0	606.0	713.0	880.0	1066.0	1357.0	1815.0	2377.0	3174.0	4507.0	6289.0	8120.0	9676.0	10214.0	10193.0	9635.0	8969.0	8744.0	8809.0	8705.0	8580.0	8603.0	8384.0	8103.0	7821.0	7504.0	7608.0	7238.0	7168.0	7200.0	7282.0	7264.0	7257.0	7183.0	7004.0	7250.0	7183.0	7552.0	7672.0	7914.0	8230.0	8666.0	9096.0	9768.0	11226.0	12664.0	12456.0	10330.0	7509.0	5541.0	4103.0	3206.0	2519.0	1834.0	1348.0	992.0	626.0	371.0	223.0	110.0	42.0	18.0	6.0	0.0	0.0	1.0	0.0	0.0	0.0	0.0	0.0	0.0	0.0	0.0	0.0	0.0	0.0	0.0	0.0	0.0	0.0	0.0	0.0	0.0	0.0	0.0	0.0	0.0	0.0	0.0	0.0	90	9	1	177
0.0	0.0	0.0	0.0	0.0	0.0	0.0	0.0	0.0	0.0	0.0	0.0	0.0	0.0	0.0	0.0	0.0	0.0	0.0	0.0	0.0	0.0	0.0	0.0	0.0	0.0	0.0	0.0	0.0	1.0	7.0	28.0	73.0	166.0	315.0	524.0	847.0	1165.0	1577.0	2094.0	2686.0	3747.0	5059.0	7060.0	9821.0	12532.0	14547.0	14886.0	14394.0	13334.0	12317.0	11782.0	10896.0	10926.0	10060.0	9823.0	9638.0	9383.0	9305.0	9248.0	9153.0	9020.0	8681.0	8517.0	8620.0	8577.0	8902.0	8943.0	9020.0	9121.0	8971.0	9000.0	9008.0	9430.0	9660.0	9979.0	10248.0	10760.0	11549.0	12956.0	14589.0	14759.0	13423.0	10397.0	7658.0	5587.0	4056.0	3225.0	2492.0	1816.0	1301.0	926.0	629.0	419.0	203.0	90.0	41.0	23.0	8.0	4.0	1.0	0.0	0.0	0.0	0.0	0.0	0.0	0.0	0.0	0.0	0.0	0.0	0.0	0.0	0.0	0.0	0.0	0.0	0.0	0.0	0.0	0.0	0.0	0.0	0.0	0.0	0.0	0.0	0.0	90	9	2	178
0.0	0.0	0.0	0.0	0.0	0.0	0.0	0.0	0.0	0.0	0.0	0.0	0.0	0.0	0.0	0.0	0.0	0.0	0.0	0.0	0.0	0.0	0.0	0.0	0.0	0.0	0.0	0.0	0.0	0.0	5.0	28.0	66.0	154.0	314.0	578.0	899.0	1325.0	1862.0	2465.0	3172.0	4416.0	6154.0	8683.0	12054.0	14702.0	16325.0	16016.0	14810.0	13561.0	12168.0	11476.0	11176.0	10717.0	10374.0	10053.0	9781.0	9473.0	9446.0	9590.0	9261.0	9284.0	8995.0	9015.0	9008.0	8945.0	9113.0	9134.0	9260.0	9091.0	9087.0	9270.0	9539.0	9624.0	9826.0	10075.0	10260.0	10479.0	10945.0	11841.0	13295.0	15199.0	15581.0	13435.0	10523.0	7640.0	5736.0	4331.0	3352.0	2515.0	1879.0	1309.0	874.0	507.0	288.0	184.0	63.0	26.0	9.0	0.0	0.0	0.0	0.0	0.0	0.0	0.0	0.0	0.0	0.0	0.0	0.0	0.0	0.0	0.0	0.0	0.0	0.0	0.0	0.0	0.0	0.0	0.0	0.0	0.0	0.0	0.0	0.0	0.0	0.0	90	9	3	176
0.0	0.0	0.0	0.0	0.0	0.0	0.0	0.0	0.0	0.0	0.0	0.0	0.0	0.0	0.0	0.0	0.0	0.0	0.0	0.0	0.0	0.0	0.0	0.0	0.0	0.0	0.0	0.0	0.0	1.0	2.0	9.0	31.0	83.0	191.0	386.0	718.0	1067.0	1588.0	2093.0	2947.0	4069.0	5278.0	7384.0	10047.0	13671.0	16665.0	18466.0	18246.0	16680.0	15192.0	13931.0	13318.0	12634.0	11980.0	11638.0	11173.0	10957.0	10627.0	10613.0	10737.0	10419.0	10434.0	10003.0	9962.0	10088.0	10017.0	10517.0	10468.0	10433.0	10598.0	10712.0	10987.0	11239.0	11667.0	11958.0	12400.0	12354.0	13117.0	14292.0	16180.0	17189.0	15824.0	12851.0	9603.0	7144.0	5270.0	3907.0	2979.0	2309.0	1659.0	1024.0	673.0	435.0	229.0	94.0	48.0	17.0	5.0	0.0	2.0	0.0	1.0	0.0	0.0	0.0	0.0	0.0	0.0	0.0	0.0	0.0	0.0	0.0	0.0	0.0	0.0	0.0	0.0	0.0	0.0	0.0	0.0	0.0	0.0	0.0	0.0	0.0	0.0	90	9	4	129
0.0	0.0	0.0	0.0	0.0	0.0	0.0	0.0	0.0	0.0	0.0	0.0	0.0	0.0	0.0	0.0	0.0	0.0	0.0	0.0	0.0	0.0	0.0	0.0	0.0	0.0	0.0	0.0	2.0	0.0	9.0	21.0	54.0	166.0	321.0	547.0	861.0	1339.0	1967.0	2725.0	3712.0	5082.0	7114.0	10143.0	13848.0	17609.0	19786.0	20118.0	18858.0	17156.0	15701.0	14728.0	14093.0	13487.0	12981.0	12232.0	11918.0	11757.0	11759.0	11799.0	11819.0	11468.0	11425.0	11143.0	11028.0	11131.0	11436.0	11401.0	11274.0	11096.0	11237.0	11462.0	11510.0	11747.0	12424.0	12649.0	13081.0	13794.0	14146.0	15174.0	16897.0	18176.0	17418.0	14575.0	11078.0	8103.0	5956.0	4399.0	3313.0	2426.0	1681.0	1142.0	692.0	428.0	175.0	77.0	44.0	10.0	6.0	1.0	0.0	0.0	0.0	0.0	0.0	0.0	0.0	0.0	0.0	0.0	0.0	0.0	0.0	0.0	0.0	0.0	0.0	0.0	0.0	0.0	0.0	0.0	0.0	0.0	0.0	0.0	0.0	0.0	0.0	90	9	5	128
0.0	0.0	0.0	0.0	0.0	0.0	0.0	0.0	0.0	0.0	0.0	0.0	0.0	0.0	0.0	0.0	0.0	0.0	0.0	0.0	0.0	0.0	0.0	0.0	0.0	0.0	0.0	1.0	0.0	0.0	3.0	10.0	58.0	98.0	254.0	436.0	764.0	1192.0	1794.0	2403.0	3311.0	4371.0	5864.0	8342.0	11573.0	15579.0	18968.0	20850.0	20196.0	18349.0	16395.0	14958.0	14191.0	13537.0	12842.0	12515.0	11969.0	11695.0	11537.0	11551.0	11632.0	11433.0	11138.0	10804.0	10808.0	10918.0	11072.0	11066.0	11252.0	10886.0	10956.0	11171.0	11184.0	11881.0	12299.0	12486.0	12915.0	13592.0	14432.0	15968.0	18267.0	19060.0	17402.0	13647.0	9969.0	7262.0	5090.0	3905.0	2734.0	1894.0	1339.0	858.0	475.0	247.0	125.0	52.0	20.0	7.0	3.0	3.0	0.0	0.0	0.0	0.0	0.0	0.0	0.0	0.0	0.0	0.0	0.0	0.0	0.0	0.0	0.0	0.0	0.0	0.0	0.0	0.0	0.0	0.0	0.0	0.0	0.0	0.0	0.0	0.0	0.0	90	9	6	131
0.0	0.0	0.0	0.0	0.0	0.0	0.0	0.0	0.0	0.0	0.0	0.0	0.0	0.0	0.0	0.0	0.0	0.0	0.0	0.0	0.0	0.0	0.0	0.0	0.0	0.0	0.0	1.0	0.0	0.0	0.0	6.0	16.0	42.0	104.0	219.0	431.0	761.0	1077.0	1579.0	2177.0	3025.0	4028.0	5755.0	8311.0	11691.0	15235.0	17164.0	17651.0	16230.0	14411.0	12569.0	12147.0	11625.0	11215.0	11076.0	10477.0	10444.0	10138.0	9992.0	9963.0	10012.0	10026.0	9810.0	9361.0	9463.0	9582.0	9698.0	9847.0	9420.0	9423.0	9529.0	9485.0	9799.0	10138.0	10304.0	10622.0	10986.0	11591.0	12308.0	13916.0	16264.0	17631.0	16289.0	12892.0	9346.0	6575.0	4822.0	3597.0	2698.0	1816.0	1271.0	807.0	448.0	214.0	88.0	28.0	9.0	4.0	1.0	1.0	0.0	1.0	0.0	0.0	0.0	0.0	0.0	0.0	0.0	0.0	0.0	0.0	0.0	0.0	0.0	0.0	0.0	0.0	0.0	0.0	0.0	0.0	0.0	0.0	0.0	0.0	0.0	0.0	90	9	7	130
-12.9	-12.7	-12.5	-12.3	-12.1	-11.9	-11.7	-11.5	-11.3	-11.1	-10.9	-10.7	-10.5	-10.3	-10.1	-9.9	-9.7	-9.5	-9.3	-9.1	-8.9	-8.7	-8.5	-8.3	-8.1	-7.9	-7.7	-7.5	-7.3	-7.1	-6.9	-6.7	-6.5	-6.3	-6.1	-5.9	-5.7	-5.5	-5.3	-5.1	-4.9	-4.7	-4.5	-4.3	-4.1	-3.9	-3.7	-3.5	-3.3	-3.1	-2.9	-2.7	-2.5	-2.3	-2.1	-1.9	-1.7	-1.5	-1.3	-1.1	-0.9	-0.7	-0.5	-0.3	-0.1	0.1	0.3	0.5	0.7	0.9	1.1	1.3	1.5	1.7	1.9	2.1	2.3	2.5	2.7	2.9	3.1	3.3	3.5	3.7	3.9	4.1	4.3	4.5	4.7	4.9	5.1	5.3	5.5	5.7	5.9	6.1	6.3	6.5	6.7	6.9	7.1	7.3	7.5	7.7	7.9	8.1	8.3	8.5	8.7	8.9	9.1	9.3	9.5	9.7	9.9	10.1	10.3	10.5	10.7	10.9	11.1	11.3	11.5	11.7	11.9	12.1	12.3	12.5	12.7	bin	centres	slab	asic
